time_s,event_type,name,signpost_id,message,process,thread
16.346362583,Begin,FeedDrag,0x3a,item=game_0003,Sekai (9781),"Main Thread (0xed277) (Sekai, pid: 9781)"
16.34637975,Event,FeedEligibility,OS_SIGNPOST_ID_EXCLUSIVE,item=none,Sekai (9781),"Main Thread (0xed277) (Sekai, pid: 9781)"
16.346687583,Begin,WebPoolReconcile,0x3b,current=game_0003 eligible=none,Sekai (9781),"Main Thread (0xed277) (Sekai, pid: 9781)"
16.346738166,Begin,FeedRenderCells,0x3c,,Sekai (9781),"Main Thread (0xed277) (Sekai, pid: 9781)"
16.346760416,End,FeedRenderCells,0x3c,completed,Sekai (9781),"Main Thread (0xed277) (Sekai, pid: 9781)"
16.346762083,End,WebPoolReconcile,0x3b,completed,Sekai (9781),"Main Thread (0xed277) (Sekai, pid: 9781)"
16.396309083,End,FeedDrag,0x3a,drag ended,Sekai (9781),"Main Thread (0xed277) (Sekai, pid: 9781)"
16.396312333,Begin,FeedDeceleration,0x3d,,Sekai (9781),"Main Thread (0xed277) (Sekai, pid: 9781)"
16.737963958,End,FeedDeceleration,0x3d,settled,Sekai (9781),"Main Thread (0xed277) (Sekai, pid: 9781)"
16.737965833,Begin,FeedSettle,0x3e,,Sekai (9781),"Main Thread (0xed277) (Sekai, pid: 9781)"
16.737972333,Event,FeedCurrentItem,OS_SIGNPOST_ID_EXCLUSIVE,index=1 item=game_0001,Sekai (9781),"Main Thread (0xed277) (Sekai, pid: 9781)"
16.7379735,Begin,FeedAssignWindow,0x3f,item=game_0001,Sekai (9781),"Main Thread (0xed277) (Sekai, pid: 9781)"
16.738005291,Begin,FeedRenderCells,0x40,,Sekai (9781),"Main Thread (0xed277) (Sekai, pid: 9781)"
16.738024625,End,FeedRenderCells,0x40,completed,Sekai (9781),"Main Thread (0xed277) (Sekai, pid: 9781)"
16.738025791,End,FeedAssignWindow,0x3f,completed,Sekai (9781),"Main Thread (0xed277) (Sekai, pid: 9781)"
16.738031625,Event,FeedEligibility,OS_SIGNPOST_ID_EXCLUSIVE,item=game_0001,Sekai (9781),"Main Thread (0xed277) (Sekai, pid: 9781)"
16.738083958,End,FeedSettle,0x3e,completed,Sekai (9781),"Main Thread (0xed277) (Sekai, pid: 9781)"
16.738312333,Begin,WebPoolReconcile,0x41,current=game_0001 eligible=game_0001,Sekai (9781),"Main Thread (0xed277) (Sekai, pid: 9781)"
16.738321375,Begin,WebSlotReset,0x42,item=game_0005,Sekai (9781),"Main Thread (0xed277) (Sekai, pid: 9781)"
16.738436666,End,WebLoadToReady,0x37,reset or cancelled,Sekai (9781),"Main Thread (0xed277) (Sekai, pid: 9781)"
16.738514291,End,WebSlotReset,0x42,completed,Sekai (9781),"Main Thread (0xed277) (Sekai, pid: 9781)"
16.738535541,Begin,WebPlayJS,0x43,item=game_0001,Sekai (9781),"Main Thread (0xed277) (Sekai, pid: 9781)"
16.73876375,End,WebPlayJS,0x43,completed,Sekai (9781),"Main Thread (0xed277) (Sekai, pid: 9781)"
16.738939958,Begin,FeedRenderCells,0x44,,Sekai (9781),"Main Thread (0xed277) (Sekai, pid: 9781)"
16.738966166,End,FeedRenderCells,0x44,completed,Sekai (9781),"Main Thread (0xed277) (Sekai, pid: 9781)"
16.738967666,End,WebPoolReconcile,0x41,completed,Sekai (9781),"Main Thread (0xed277) (Sekai, pid: 9781)"
17.046616625,Begin,FeedDrag,0x45,item=game_0001,Sekai (9781),"Main Thread (0xed277) (Sekai, pid: 9781)"
17.046628833,Event,FeedEligibility,OS_SIGNPOST_ID_EXCLUSIVE,item=none,Sekai (9781),"Main Thread (0xed277) (Sekai, pid: 9781)"
17.046934291,Begin,WebPoolReconcile,0x46,current=game_0001 eligible=none,Sekai (9781),"Main Thread (0xed277) (Sekai, pid: 9781)"
17.046939958,Begin,WebPauseJS,0x47,item=game_0001,Sekai (9781),"Main Thread (0xed277) (Sekai, pid: 9781)"
17.048527833,End,WebPauseJS,0x47,completed,Sekai (9781),"Main Thread (0xed277) (Sekai, pid: 9781)"
17.048570291,Begin,FeedRenderCells,0x48,,Sekai (9781),"Main Thread (0xed277) (Sekai, pid: 9781)"
17.048587541,End,FeedRenderCells,0x48,completed,Sekai (9781),"Main Thread (0xed277) (Sekai, pid: 9781)"
17.048588416,End,WebPoolReconcile,0x46,completed,Sekai (9781),"Main Thread (0xed277) (Sekai, pid: 9781)"
17.088239958,End,FeedDrag,0x45,drag ended,Sekai (9781),"Main Thread (0xed277) (Sekai, pid: 9781)"
17.088242583,Begin,FeedDeceleration,0x49,,Sekai (9781),"Main Thread (0xed277) (Sekai, pid: 9781)"
17.421488875,End,FeedDeceleration,0x49,settled,Sekai (9781),"Main Thread (0xed277) (Sekai, pid: 9781)"
17.421492,Begin,FeedSettle,0x4a,,Sekai (9781),"Main Thread (0xed277) (Sekai, pid: 9781)"
17.421500833,Event,FeedCurrentItem,OS_SIGNPOST_ID_EXCLUSIVE,index=2 item=game_0003,Sekai (9781),"Main Thread (0xed277) (Sekai, pid: 9781)"
17.421502583,Begin,FeedAssignWindow,0x4b,item=game_0003,Sekai (9781),"Main Thread (0xed277) (Sekai, pid: 9781)"
17.4215485,Begin,FeedRenderCells,0x4c,,Sekai (9781),"Main Thread (0xed277) (Sekai, pid: 9781)"
17.421579916,End,FeedRenderCells,0x4c,completed,Sekai (9781),"Main Thread (0xed277) (Sekai, pid: 9781)"
17.421582541,End,FeedAssignWindow,0x4b,completed,Sekai (9781),"Main Thread (0xed277) (Sekai, pid: 9781)"
17.421592666,Event,FeedEligibility,OS_SIGNPOST_ID_EXCLUSIVE,item=game_0003,Sekai (9781),"Main Thread (0xed277) (Sekai, pid: 9781)"
17.42166525,End,FeedSettle,0x4a,completed,Sekai (9781),"Main Thread (0xed277) (Sekai, pid: 9781)"
17.421911291,Begin,WebPoolReconcile,0x4d,current=game_0003 eligible=game_0003,Sekai (9781),"Main Thread (0xed277) (Sekai, pid: 9781)"
17.421941958,Begin,FeedRenderCells,0x4e,,Sekai (9781),"Main Thread (0xed277) (Sekai, pid: 9781)"
17.42195325,End,FeedRenderCells,0x4e,completed,Sekai (9781),"Main Thread (0xed277) (Sekai, pid: 9781)"
17.421954083,End,WebPoolReconcile,0x4d,completed,Sekai (9781),"Main Thread (0xed277) (Sekai, pid: 9781)"
17.996728041,Begin,FeedDrag,0x4f,item=game_0003,Sekai (9781),"Main Thread (0xed277) (Sekai, pid: 9781)"
17.996741416,Event,FeedEligibility,OS_SIGNPOST_ID_EXCLUSIVE,item=none,Sekai (9781),"Main Thread (0xed277) (Sekai, pid: 9781)"
17.99701675,Begin,WebPoolReconcile,0x50,current=game_0003 eligible=none,Sekai (9781),"Main Thread (0xed277) (Sekai, pid: 9781)"
17.997051125,Begin,FeedRenderCells,0x51,,Sekai (9781),"Main Thread (0xed277) (Sekai, pid: 9781)"
17.997066125,End,FeedRenderCells,0x51,completed,Sekai (9781),"Main Thread (0xed277) (Sekai, pid: 9781)"
17.997067,End,WebPoolReconcile,0x50,completed,Sekai (9781),"Main Thread (0xed277) (Sekai, pid: 9781)"
18.038278291,End,FeedDrag,0x4f,drag ended,Sekai (9781),"Main Thread (0xed277) (Sekai, pid: 9781)"
18.038281166,Begin,FeedDeceleration,0x52,,Sekai (9781),"Main Thread (0xed277) (Sekai, pid: 9781)"
18.371636791,End,FeedDeceleration,0x52,settled,Sekai (9781),"Main Thread (0xed277) (Sekai, pid: 9781)"
18.371640083,Begin,FeedSettle,0x53,,Sekai (9781),"Main Thread (0xed277) (Sekai, pid: 9781)"
18.371648291,Event,FeedCurrentItem,OS_SIGNPOST_ID_EXCLUSIVE,index=3 item=game_0005,Sekai (9781),"Main Thread (0xed277) (Sekai, pid: 9781)"
18.371650166,Begin,FeedAssignWindow,0x54,item=game_0005,Sekai (9781),"Main Thread (0xed277) (Sekai, pid: 9781)"
18.371697416,Begin,FeedRenderCells,0x55,,Sekai (9781),"Main Thread (0xed277) (Sekai, pid: 9781)"
18.37173575,End,FeedRenderCells,0x55,completed,Sekai (9781),"Main Thread (0xed277) (Sekai, pid: 9781)"
18.371739,End,FeedAssignWindow,0x54,completed,Sekai (9781),"Main Thread (0xed277) (Sekai, pid: 9781)"
18.371750166,Event,FeedEligibility,OS_SIGNPOST_ID_EXCLUSIVE,item=game_0005,Sekai (9781),"Main Thread (0xed277) (Sekai, pid: 9781)"
18.3718355,End,FeedSettle,0x53,completed,Sekai (9781),"Main Thread (0xed277) (Sekai, pid: 9781)"
18.372053375,Begin,WebPoolReconcile,0x56,current=game_0005 eligible=game_0005,Sekai (9781),"Main Thread (0xed277) (Sekai, pid: 9781)"
18.372061958,Begin,WebSlotReset,0x57,item=game_0001,Sekai (9781),"Main Thread (0xed277) (Sekai, pid: 9781)"
18.372180875,End,WebSlotReset,0x57,completed,Sekai (9781),"Main Thread (0xed277) (Sekai, pid: 9781)"
18.3722615,Begin,FeedRenderCells,0x58,,Sekai (9781),"Main Thread (0xed277) (Sekai, pid: 9781)"
18.372284,End,FeedRenderCells,0x58,completed,Sekai (9781),"Main Thread (0xed277) (Sekai, pid: 9781)"
18.372286125,End,WebPoolReconcile,0x56,completed,Sekai (9781),"Main Thread (0xed277) (Sekai, pid: 9781)"
18.46458,Event,WebNavigationCommit,OS_SIGNPOST_ID_EXCLUSIVE,item=blank,Sekai (9781),"Main Thread (0xed277) (Sekai, pid: 9781)"
18.469871833,Begin,WebPoolReconcile,0x59,current=game_0005 eligible=game_0005,Sekai (9781),"Main Thread (0xed277) (Sekai, pid: 9781)"
18.469939666,Begin,WebLoadToReady,0x5a,item=game_0005 role=current slot=1,Sekai (9781),"Main Thread (0xed277) (Sekai, pid: 9781)"
18.470119958,Begin,FeedRenderCells,0x5b,,Sekai (9781),"Main Thread (0xed277) (Sekai, pid: 9781)"
18.47024025,End,FeedRenderCells,0x5b,completed,Sekai (9781),"Main Thread (0xed277) (Sekai, pid: 9781)"
18.4702415,End,WebPoolReconcile,0x59,completed,Sekai (9781),"Main Thread (0xed277) (Sekai, pid: 9781)"
18.48546175,Begin,FeedRenderCells,0x5c,,Sekai (9781),"Main Thread (0xed277) (Sekai, pid: 9781)"
18.4854945,End,FeedRenderCells,0x5c,completed,Sekai (9781),"Main Thread (0xed277) (Sekai, pid: 9781)"
18.613769541,Event,WebNavigationCommit,OS_SIGNPOST_ID_EXCLUSIVE,item=game_0005,Sekai (9781),"Main Thread (0xed277) (Sekai, pid: 9781)"
18.896819583,Begin,FeedDrag,0x5d,item=game_0005,Sekai (9781),"Main Thread (0xed277) (Sekai, pid: 9781)"
18.896833666,Event,FeedEligibility,OS_SIGNPOST_ID_EXCLUSIVE,item=none,Sekai (9781),"Main Thread (0xed277) (Sekai, pid: 9781)"
18.897113,Begin,WebPoolReconcile,0x5e,current=game_0005 eligible=none,Sekai (9781),"Main Thread (0xed277) (Sekai, pid: 9781)"
18.897170916,Begin,FeedRenderCells,0x5f,,Sekai (9781),"Main Thread (0xed277) (Sekai, pid: 9781)"
18.897197333,End,FeedRenderCells,0x5f,completed,Sekai (9781),"Main Thread (0xed277) (Sekai, pid: 9781)"
18.897198916,End,WebPoolReconcile,0x5e,completed,Sekai (9781),"Main Thread (0xed277) (Sekai, pid: 9781)"
18.93839475,End,FeedDrag,0x5d,drag ended,Sekai (9781),"Main Thread (0xed277) (Sekai, pid: 9781)"
18.938397791,Begin,FeedDeceleration,0x60,,Sekai (9781),"Main Thread (0xed277) (Sekai, pid: 9781)"
19.271834708,End,FeedDeceleration,0x60,settled,Sekai (9781),"Main Thread (0xed277) (Sekai, pid: 9781)"
19.271838291,Begin,FeedSettle,0x61,,Sekai (9781),"Main Thread (0xed277) (Sekai, pid: 9781)"
19.271846791,Event,FeedCurrentItem,OS_SIGNPOST_ID_EXCLUSIVE,index=4 item=game_0006,Sekai (9781),"Main Thread (0xed277) (Sekai, pid: 9781)"
19.271848625,Begin,FeedAssignWindow,0x62,item=game_0006,Sekai (9781),"Main Thread (0xed277) (Sekai, pid: 9781)"
19.271904416,Begin,FeedRenderCells,0x63,,Sekai (9781),"Main Thread (0xed277) (Sekai, pid: 9781)"
19.271942208,End,FeedRenderCells,0x63,completed,Sekai (9781),"Main Thread (0xed277) (Sekai, pid: 9781)"
19.271945833,End,FeedAssignWindow,0x62,completed,Sekai (9781),"Main Thread (0xed277) (Sekai, pid: 9781)"
19.271958291,Event,FeedEligibility,OS_SIGNPOST_ID_EXCLUSIVE,item=game_0006,Sekai (9781),"Main Thread (0xed277) (Sekai, pid: 9781)"
19.27205475,End,FeedSettle,0x61,completed,Sekai (9781),"Main Thread (0xed277) (Sekai, pid: 9781)"
19.272298458,Begin,WebPoolReconcile,0x64,current=game_0006 eligible=game_0006,Sekai (9781),"Main Thread (0xed277) (Sekai, pid: 9781)"
19.272308125,Begin,WebSlotReset,0x65,item=game_0003,Sekai (9781),"Main Thread (0xed277) (Sekai, pid: 9781)"
19.27240425,End,WebLoadToReady,0x27,reset or cancelled,Sekai (9781),"Main Thread (0xed277) (Sekai, pid: 9781)"
19.272508208,End,WebSlotReset,0x65,completed,Sekai (9781),"Main Thread (0xed277) (Sekai, pid: 9781)"
19.272585916,Begin,FeedRenderCells,0x66,,Sekai (9781),"Main Thread (0xed277) (Sekai, pid: 9781)"
19.27260175,End,FeedRenderCells,0x66,completed,Sekai (9781),"Main Thread (0xed277) (Sekai, pid: 9781)"
19.27260325,End,WebPoolReconcile,0x64,completed,Sekai (9781),"Main Thread (0xed277) (Sekai, pid: 9781)"
19.897059166,Begin,FeedDrag,0x67,item=game_0006,Sekai (9781),"Main Thread (0xed277) (Sekai, pid: 9781)"
19.897072875,Event,FeedEligibility,OS_SIGNPOST_ID_EXCLUSIVE,item=none,Sekai (9781),"Main Thread (0xed277) (Sekai, pid: 9781)"
19.89735875,Begin,WebPoolReconcile,0x68,current=game_0006 eligible=none,Sekai (9781),"Main Thread (0xed277) (Sekai, pid: 9781)"
19.897429083,Begin,FeedRenderCells,0x69,,Sekai (9781),"Main Thread (0xed277) (Sekai, pid: 9781)"
19.897454625,End,FeedRenderCells,0x69,completed,Sekai (9781),"Main Thread (0xed277) (Sekai, pid: 9781)"
19.8974565,End,WebPoolReconcile,0x68,completed,Sekai (9781),"Main Thread (0xed277) (Sekai, pid: 9781)"
19.946904791,End,FeedDrag,0x67,drag ended,Sekai (9781),"Main Thread (0xed277) (Sekai, pid: 9781)"
19.946908041,Begin,FeedDeceleration,0x6a,,Sekai (9781),"Main Thread (0xed277) (Sekai, pid: 9781)"
20.28860575,End,FeedDeceleration,0x6a,settled,Sekai (9781),"Main Thread (0xed277) (Sekai, pid: 9781)"
20.28860975,Begin,FeedSettle,0x6b,,Sekai (9781),"Main Thread (0xed277) (Sekai, pid: 9781)"
20.2886195,Event,FeedCurrentItem,OS_SIGNPOST_ID_EXCLUSIVE,index=5 item=game_0007,Sekai (9781),"Main Thread (0xed277) (Sekai, pid: 9781)"
20.288621458,Begin,FeedAssignWindow,0x6c,item=game_0007,Sekai (9781),"Main Thread (0xed277) (Sekai, pid: 9781)"
20.288675083,Begin,FeedRenderCells,0x6d,,Sekai (9781),"Main Thread (0xed277) (Sekai, pid: 9781)"
20.288710708,End,FeedRenderCells,0x6d,completed,Sekai (9781),"Main Thread (0xed277) (Sekai, pid: 9781)"
20.288732333,End,FeedAssignWindow,0x6c,completed,Sekai (9781),"Main Thread (0xed277) (Sekai, pid: 9781)"
20.288744791,Event,FeedEligibility,OS_SIGNPOST_ID_EXCLUSIVE,item=game_0007,Sekai (9781),"Main Thread (0xed277) (Sekai, pid: 9781)"
20.288829,End,FeedSettle,0x6b,completed,Sekai (9781),"Main Thread (0xed277) (Sekai, pid: 9781)"
20.289065166,Begin,WebPoolReconcile,0x6e,current=game_0007 eligible=game_0007,Sekai (9781),"Main Thread (0xed277) (Sekai, pid: 9781)"
20.289074708,Begin,WebSlotReset,0x6f,item=game_0005,Sekai (9781),"Main Thread (0xed277) (Sekai, pid: 9781)"
20.2891855,End,WebLoadToReady,0x5a,reset or cancelled,Sekai (9781),"Main Thread (0xed277) (Sekai, pid: 9781)"
20.289282333,End,WebSlotReset,0x6f,completed,Sekai (9781),"Main Thread (0xed277) (Sekai, pid: 9781)"
20.289346458,Begin,FeedRenderCells,0x70,,Sekai (9781),"Main Thread (0xed277) (Sekai, pid: 9781)"
20.289364375,End,FeedRenderCells,0x70,completed,Sekai (9781),"Main Thread (0xed277) (Sekai, pid: 9781)"
20.289365916,End,WebPoolReconcile,0x6e,completed,Sekai (9781),"Main Thread (0xed277) (Sekai, pid: 9781)"
20.289383166,Begin,FeedFilter,0x71,count=10,Sekai (9781),"Main Thread (0xed277) (Sekai, pid: 9781)"
20.2893925,End,FeedFilter,0x71,completed,Sekai (9781),"Main Thread (0xed277) (Sekai, pid: 9781)"
20.289423875,Begin,FeedFilter,0x72,count=10,Sekai (9781),"Main Thread (0xed277) (Sekai, pid: 9781)"
20.289430708,End,FeedFilter,0x72,completed,Sekai (9781),"Main Thread (0xed277) (Sekai, pid: 9781)"
20.28944025,Begin,FeedFilter,0x73,count=10,Sekai (9781),"Main Thread (0xed277) (Sekai, pid: 9781)"
20.2894465,End,FeedFilter,0x73,completed,Sekai (9781),"Main Thread (0xed277) (Sekai, pid: 9781)"
20.289456291,Begin,FeedPageLoad,0x74,page=1 generation=2 attempt=0,Sekai (9781),"Main Thread (0xed277) (Sekai, pid: 9781)"
20.697098875,Begin,FeedDrag,0x75,item=game_0007,Sekai (9781),"Main Thread (0xed277) (Sekai, pid: 9781)"
20.697112708,Event,FeedEligibility,OS_SIGNPOST_ID_EXCLUSIVE,item=none,Sekai (9781),"Main Thread (0xed277) (Sekai, pid: 9781)"
20.697394958,Begin,WebPoolReconcile,0x76,current=game_0007 eligible=none,Sekai (9781),"Main Thread (0xed277) (Sekai, pid: 9781)"
20.69744925,Begin,FeedRenderCells,0x77,,Sekai (9781),"Main Thread (0xed277) (Sekai, pid: 9781)"
20.697474416,End,FeedRenderCells,0x77,completed,Sekai (9781),"Main Thread (0xed277) (Sekai, pid: 9781)"
20.697476166,End,WebPoolReconcile,0x76,completed,Sekai (9781),"Main Thread (0xed277) (Sekai, pid: 9781)"
20.727894291,Event,FeedPageReceived,OS_SIGNPOST_ID_EXCLUSIVE,page=1 count=10,Sekai (9781),"Main Thread (0xed277) (Sekai, pid: 9781)"
20.727929875,Begin,FeedFilter,0x78,count=20,Sekai (9781),"Main Thread (0xed277) (Sekai, pid: 9781)"
20.727942041,End,FeedFilter,0x78,completed,Sekai (9781),"Main Thread (0xed277) (Sekai, pid: 9781)"
20.727984125,End,FeedPageLoad,0x74,completed,Sekai (9781),"Main Thread (0xed277) (Sekai, pid: 9781)"
20.727988291,Begin,FeedFilter,0x79,count=20,Sekai (9781),"Main Thread (0xed277) (Sekai, pid: 9781)"
20.728001833,End,FeedFilter,0x79,completed,Sekai (9781),"Main Thread (0xed277) (Sekai, pid: 9781)"
20.728379333,Begin,FeedSnapshot,0x7a,old=8 new=16 revision=2,Sekai (9781),"Main Thread (0xed277) (Sekai, pid: 9781)"
20.73181825,Begin,WebPoolReconcile,0x7b,current=game_0007 eligible=none,Sekai (9781),"Main Thread (0xed277) (Sekai, pid: 9781)"
20.7318695,Begin,FeedRenderCells,0x7c,,Sekai (9781),"Main Thread (0xed277) (Sekai, pid: 9781)"
20.731882583,End,FeedRenderCells,0x7c,completed,Sekai (9781),"Main Thread (0xed277) (Sekai, pid: 9781)"
20.7318835,End,WebPoolReconcile,0x7b,completed,Sekai (9781),"Main Thread (0xed277) (Sekai, pid: 9781)"
20.731992916,End,FeedSnapshot,0x7a,completed,Sekai (9781),"Main Thread (0xed277) (Sekai, pid: 9781)"
20.738730833,End,FeedDrag,0x75,drag ended,Sekai (9781),"Main Thread (0xed277) (Sekai, pid: 9781)"
20.738734458,Begin,FeedSettle,0x7d,,Sekai (9781),"Main Thread (0xed277) (Sekai, pid: 9781)"
20.738741625,Event,FeedCurrentItem,OS_SIGNPOST_ID_EXCLUSIVE,index=5 item=game_0007,Sekai (9781),"Main Thread (0xed277) (Sekai, pid: 9781)"
20.738757875,Begin,FeedAssignWindow,0x7e,item=game_0007,Sekai (9781),"Main Thread (0xed277) (Sekai, pid: 9781)"
20.738814666,Begin,FeedRenderCells,0x7f,,Sekai (9781),"Main Thread (0xed277) (Sekai, pid: 9781)"
20.738836083,End,FeedRenderCells,0x7f,completed,Sekai (9781),"Main Thread (0xed277) (Sekai, pid: 9781)"
20.738839666,End,FeedAssignWindow,0x7e,completed,Sekai (9781),"Main Thread (0xed277) (Sekai, pid: 9781)"
20.738850875,Event,FeedEligibility,OS_SIGNPOST_ID_EXCLUSIVE,item=game_0007,Sekai (9781),"Main Thread (0xed277) (Sekai, pid: 9781)"
20.738936916,End,FeedSettle,0x7d,completed,Sekai (9781),"Main Thread (0xed277) (Sekai, pid: 9781)"
20.739149416,Begin,WebPoolReconcile,0x80,current=game_0007 eligible=game_0007,Sekai (9781),"Main Thread (0xed277) (Sekai, pid: 9781)"
20.739196833,Begin,FeedRenderCells,0x81,,Sekai (9781),"Main Thread (0xed277) (Sekai, pid: 9781)"
20.73921075,End,FeedRenderCells,0x81,completed,Sekai (9781),"Main Thread (0xed277) (Sekai, pid: 9781)"
20.73921225,End,WebPoolReconcile,0x80,completed,Sekai (9781),"Main Thread (0xed277) (Sekai, pid: 9781)"
20.84995425,Event,WebNavigationCommit,OS_SIGNPOST_ID_EXCLUSIVE,item=blank,Sekai (9781),"Main Thread (0xed277) (Sekai, pid: 9781)"
20.856248625,Begin,WebPoolReconcile,0x82,current=game_0007 eligible=game_0007,Sekai (9781),"Main Thread (0xed277) (Sekai, pid: 9781)"
20.85634125,Begin,WebLoadToReady,0x83,item=game_0007 role=current slot=1,Sekai (9781),"Main Thread (0xed277) (Sekai, pid: 9781)"
20.856613416,Begin,FeedRenderCells,0x84,,Sekai (9781),"Main Thread (0xed277) (Sekai, pid: 9781)"
20.856798791,End,FeedRenderCells,0x84,completed,Sekai (9781),"Main Thread (0xed277) (Sekai, pid: 9781)"
20.856800708,End,WebPoolReconcile,0x82,completed,Sekai (9781),"Main Thread (0xed277) (Sekai, pid: 9781)"
20.880718041,Begin,FeedRenderCells,0x85,,Sekai (9781),"Main Thread (0xed277) (Sekai, pid: 9781)"
20.880750958,End,FeedRenderCells,0x85,completed,Sekai (9781),"Main Thread (0xed277) (Sekai, pid: 9781)"
21.100737125,Event,WebNavigationCommit,OS_SIGNPOST_ID_EXCLUSIVE,item=game_0007,Sekai (9781),"Main Thread (0xed277) (Sekai, pid: 9781)"
21.664051166,Begin,FeedDrag,0x86,item=game_0007,Sekai (9781),"Main Thread (0xed277) (Sekai, pid: 9781)"
21.664068875,Event,FeedEligibility,OS_SIGNPOST_ID_EXCLUSIVE,item=none,Sekai (9781),"Main Thread (0xed277) (Sekai, pid: 9781)"
21.66437675,Begin,WebPoolReconcile,0x87,current=game_0007 eligible=none,Sekai (9781),"Main Thread (0xed277) (Sekai, pid: 9781)"
21.664446166,Begin,FeedRenderCells,0x88,,Sekai (9781),"Main Thread (0xed277) (Sekai, pid: 9781)"
21.664475291,End,FeedRenderCells,0x88,completed,Sekai (9781),"Main Thread (0xed277) (Sekai, pid: 9781)"
21.664477041,End,WebPoolReconcile,0x87,completed,Sekai (9781),"Main Thread (0xed277) (Sekai, pid: 9781)"
21.705534541,End,FeedDrag,0x86,drag ended,Sekai (9781),"Main Thread (0xed277) (Sekai, pid: 9781)"
21.705537958,Begin,FeedDeceleration,0x89,,Sekai (9781),"Main Thread (0xed277) (Sekai, pid: 9781)"
22.055493708,End,FeedDeceleration,0x89,settled,Sekai (9781),"Main Thread (0xed277) (Sekai, pid: 9781)"
22.055497208,Begin,FeedSettle,0x8a,,Sekai (9781),"Main Thread (0xed277) (Sekai, pid: 9781)"
22.055506541,Event,FeedCurrentItem,OS_SIGNPOST_ID_EXCLUSIVE,index=6 item=game_0008,Sekai (9781),"Main Thread (0xed277) (Sekai, pid: 9781)"
22.055508541,Begin,FeedAssignWindow,0x8b,item=game_0008,Sekai (9781),"Main Thread (0xed277) (Sekai, pid: 9781)"
22.055575,Begin,FeedRenderCells,0x8c,,Sekai (9781),"Main Thread (0xed277) (Sekai, pid: 9781)"
22.055604166,End,FeedRenderCells,0x8c,completed,Sekai (9781),"Main Thread (0xed277) (Sekai, pid: 9781)"
22.055608041,End,FeedAssignWindow,0x8b,completed,Sekai (9781),"Main Thread (0xed277) (Sekai, pid: 9781)"
22.05562225,Event,FeedEligibility,OS_SIGNPOST_ID_EXCLUSIVE,item=game_0008,Sekai (9781),"Main Thread (0xed277) (Sekai, pid: 9781)"
22.055704916,End,FeedSettle,0x8a,completed,Sekai (9781),"Main Thread (0xed277) (Sekai, pid: 9781)"
22.055908666,Begin,WebPoolReconcile,0x8d,current=game_0008 eligible=game_0008,Sekai (9781),"Main Thread (0xed277) (Sekai, pid: 9781)"
22.055963125,Begin,FeedRenderCells,0x8e,,Sekai (9781),"Main Thread (0xed277) (Sekai, pid: 9781)"
22.055979958,End,FeedRenderCells,0x8e,completed,Sekai (9781),"Main Thread (0xed277) (Sekai, pid: 9781)"
22.055981583,End,WebPoolReconcile,0x8d,completed,Sekai (9781),"Main Thread (0xed277) (Sekai, pid: 9781)"
22.555647958,Event,WebNavigationCommit,OS_SIGNPOST_ID_EXCLUSIVE,item=blank,Sekai (9781),"Main Thread (0xed277) (Sekai, pid: 9781)"
22.559489291,Begin,WebPoolReconcile,0x8f,current=game_0008 eligible=game_0008,Sekai (9781),"Main Thread (0xed277) (Sekai, pid: 9781)"
22.559580208,Begin,WebLoadToReady,0x90,item=game_0008 role=current slot=2,Sekai (9781),"Main Thread (0xed277) (Sekai, pid: 9781)"
22.559795375,Begin,FeedRenderCells,0x91,,Sekai (9781),"Main Thread (0xed277) (Sekai, pid: 9781)"
22.559962166,End,FeedRenderCells,0x91,completed,Sekai (9781),"Main Thread (0xed277) (Sekai, pid: 9781)"
22.559964,End,WebPoolReconcile,0x8f,completed,Sekai (9781),"Main Thread (0xed277) (Sekai, pid: 9781)"
22.574298416,Begin,FeedRenderCells,0x92,,Sekai (9781),"Main Thread (0xed277) (Sekai, pid: 9781)"
22.57431875,End,FeedRenderCells,0x92,completed,Sekai (9781),"Main Thread (0xed277) (Sekai, pid: 9781)"
22.694990125,Event,WebNavigationCommit,OS_SIGNPOST_ID_EXCLUSIVE,item=game_0008,Sekai (9781),"Main Thread (0xed277) (Sekai, pid: 9781)"
22.897087,Event,WebNavigationCommit,OS_SIGNPOST_ID_EXCLUSIVE,item=blank,Sekai (9781),"Main Thread (0xed277) (Sekai, pid: 9781)"
22.902645125,Begin,WebPoolReconcile,0x93,current=game_0008 eligible=game_0008,Sekai (9781),"Main Thread (0xed277) (Sekai, pid: 9781)"
22.902736125,Begin,WebLoadToReady,0x94,item=game_0009 role=adjacent slot=0,Sekai (9781),"Main Thread (0xed277) (Sekai, pid: 9781)"
22.902963375,Begin,FeedRenderCells,0x95,,Sekai (9781),"Main Thread (0xed277) (Sekai, pid: 9781)"
22.902990083,End,FeedRenderCells,0x95,completed,Sekai (9781),"Main Thread (0xed277) (Sekai, pid: 9781)"
22.903000416,End,WebPoolReconcile,0x93,completed,Sekai (9781),"Main Thread (0xed277) (Sekai, pid: 9781)"
22.919708125,Begin,FeedRenderCells,0x96,,Sekai (9781),"Main Thread (0xed277) (Sekai, pid: 9781)"
22.919734625,End,FeedRenderCells,0x96,completed,Sekai (9781),"Main Thread (0xed277) (Sekai, pid: 9781)"
22.997520458,Begin,FeedDrag,0x97,item=game_0008,Sekai (9781),"Main Thread (0xed277) (Sekai, pid: 9781)"
22.997535,Event,FeedEligibility,OS_SIGNPOST_ID_EXCLUSIVE,item=none,Sekai (9781),"Main Thread (0xed277) (Sekai, pid: 9781)"
22.997778833,Begin,WebPoolReconcile,0x98,current=game_0008 eligible=none,Sekai (9781),"Main Thread (0xed277) (Sekai, pid: 9781)"
22.997835791,Begin,FeedRenderCells,0x99,,Sekai (9781),"Main Thread (0xed277) (Sekai, pid: 9781)"
22.997860875,End,FeedRenderCells,0x99,completed,Sekai (9781),"Main Thread (0xed277) (Sekai, pid: 9781)"
22.9978625,End,WebPoolReconcile,0x98,completed,Sekai (9781),"Main Thread (0xed277) (Sekai, pid: 9781)"
23.077261083,Event,WebNavigationCommit,OS_SIGNPOST_ID_EXCLUSIVE,item=game_0009,Sekai (9781),"Main Thread (0xed277) (Sekai, pid: 9781)"
23.089149583,End,FeedDrag,0x97,drag ended,Sekai (9781),"Main Thread (0xed277) (Sekai, pid: 9781)"
23.089159916,Begin,FeedDeceleration,0x9a,,Sekai (9781),"Main Thread (0xed277) (Sekai, pid: 9781)"
23.422350125,End,FeedDeceleration,0x9a,settled,Sekai (9781),"Main Thread (0xed277) (Sekai, pid: 9781)"
23.422353333,Begin,FeedSettle,0x9b,,Sekai (9781),"Main Thread (0xed277) (Sekai, pid: 9781)"
23.422362333,Event,FeedCurrentItem,OS_SIGNPOST_ID_EXCLUSIVE,index=5 item=game_0007,Sekai (9781),"Main Thread (0xed277) (Sekai, pid: 9781)"
23.42236425,Begin,FeedAssignWindow,0x9c,item=game_0007,Sekai (9781),"Main Thread (0xed277) (Sekai, pid: 9781)"
23.422425291,Begin,FeedRenderCells,0x9d,,Sekai (9781),"Main Thread (0xed277) (Sekai, pid: 9781)"
23.422451125,End,FeedRenderCells,0x9d,completed,Sekai (9781),"Main Thread (0xed277) (Sekai, pid: 9781)"
23.422454666,End,FeedAssignWindow,0x9c,completed,Sekai (9781),"Main Thread (0xed277) (Sekai, pid: 9781)"
23.422467833,Event,FeedEligibility,OS_SIGNPOST_ID_EXCLUSIVE,item=game_0007,Sekai (9781),"Main Thread (0xed277) (Sekai, pid: 9781)"
23.422547166,End,FeedSettle,0x9b,completed,Sekai (9781),"Main Thread (0xed277) (Sekai, pid: 9781)"
23.4226805,Begin,WebPoolReconcile,0x9e,current=game_0007 eligible=game_0007,Sekai (9781),"Main Thread (0xed277) (Sekai, pid: 9781)"
23.422688291,Begin,WebSlotReset,0x9f,item=game_0009,Sekai (9781),"Main Thread (0xed277) (Sekai, pid: 9781)"
23.422778083,End,WebLoadToReady,0x94,reset or cancelled,Sekai (9781),"Main Thread (0xed277) (Sekai, pid: 9781)"
23.422847583,End,WebSlotReset,0x9f,completed,Sekai (9781),"Main Thread (0xed277) (Sekai, pid: 9781)"
23.422917791,Begin,FeedRenderCells,0xa0,,Sekai (9781),"Main Thread (0xed277) (Sekai, pid: 9781)"
23.422933166,End,FeedRenderCells,0xa0,completed,Sekai (9781),"Main Thread (0xed277) (Sekai, pid: 9781)"
23.422934708,End,WebPoolReconcile,0x9e,completed,Sekai (9781),"Main Thread (0xed277) (Sekai, pid: 9781)"
23.747627333,Begin,FeedDrag,0xa1,item=game_0007,Sekai (9781),"Main Thread (0xed277) (Sekai, pid: 9781)"
23.747643791,Event,FeedEligibility,OS_SIGNPOST_ID_EXCLUSIVE,item=none,Sekai (9781),"Main Thread (0xed277) (Sekai, pid: 9781)"
23.747911916,Begin,WebPoolReconcile,0xa2,current=game_0007 eligible=none,Sekai (9781),"Main Thread (0xed277) (Sekai, pid: 9781)"
23.747975625,Begin,FeedRenderCells,0xa3,,Sekai (9781),"Main Thread (0xed277) (Sekai, pid: 9781)"
23.748005541,End,FeedRenderCells,0xa3,completed,Sekai (9781),"Main Thread (0xed277) (Sekai, pid: 9781)"
23.748007291,End,WebPoolReconcile,0xa2,completed,Sekai (9781),"Main Thread (0xed277) (Sekai, pid: 9781)"
23.822546791,End,FeedDrag,0xa1,drag ended,Sekai (9781),"Main Thread (0xed277) (Sekai, pid: 9781)"
23.822550083,Begin,FeedDeceleration,0xa4,,Sekai (9781),"Main Thread (0xed277) (Sekai, pid: 9781)"
24.0046635,Event,WebNavigationCommit,OS_SIGNPOST_ID_EXCLUSIVE,item=blank,Sekai (9781),"Main Thread (0xed277) (Sekai, pid: 9781)"
24.011929458,Begin,WebPoolReconcile,0xa5,current=game_0007 eligible=none,Sekai (9781),"Main Thread (0xed277) (Sekai, pid: 9781)"
24.0120235,Begin,WebLoadToReady,0xa6,item=game_0006 role=adjacent slot=0,Sekai (9781),"Main Thread (0xed277) (Sekai, pid: 9781)"
24.012244625,Begin,FeedRenderCells,0xa7,,Sekai (9781),"Main Thread (0xed277) (Sekai, pid: 9781)"
24.012423416,End,FeedRenderCells,0xa7,completed,Sekai (9781),"Main Thread (0xed277) (Sekai, pid: 9781)"
24.012425291,End,WebPoolReconcile,0xa5,completed,Sekai (9781),"Main Thread (0xed277) (Sekai, pid: 9781)"
24.026757958,Begin,FeedRenderCells,0xa8,,Sekai (9781),"Main Thread (0xed277) (Sekai, pid: 9781)"
24.026797791,End,FeedRenderCells,0xa8,completed,Sekai (9781),"Main Thread (0xed277) (Sekai, pid: 9781)"
24.155796291,End,FeedDeceleration,0xa4,settled,Sekai (9781),"Main Thread (0xed277) (Sekai, pid: 9781)"
24.155799375,Begin,FeedSettle,0xa9,,Sekai (9781),"Main Thread (0xed277) (Sekai, pid: 9781)"
24.155807666,Event,FeedCurrentItem,OS_SIGNPOST_ID_EXCLUSIVE,index=4 item=game_0006,Sekai (9781),"Main Thread (0xed277) (Sekai, pid: 9781)"
24.155809541,Begin,FeedAssignWindow,0xaa,item=game_0006,Sekai (9781),"Main Thread (0xed277) (Sekai, pid: 9781)"
24.155869708,Begin,FeedRenderCells,0xab,,Sekai (9781),"Main Thread (0xed277) (Sekai, pid: 9781)"
24.155893583,End,FeedRenderCells,0xab,completed,Sekai (9781),"Main Thread (0xed277) (Sekai, pid: 9781)"
24.155896833,End,FeedAssignWindow,0xaa,completed,Sekai (9781),"Main Thread (0xed277) (Sekai, pid: 9781)"
24.155909583,Event,FeedEligibility,OS_SIGNPOST_ID_EXCLUSIVE,item=game_0006,Sekai (9781),"Main Thread (0xed277) (Sekai, pid: 9781)"
24.155983125,End,FeedSettle,0xa9,completed,Sekai (9781),"Main Thread (0xed277) (Sekai, pid: 9781)"
24.156099041,Begin,WebPoolReconcile,0xac,current=game_0006 eligible=game_0006,Sekai (9781),"Main Thread (0xed277) (Sekai, pid: 9781)"
24.156108625,Begin,WebSlotReset,0xad,item=game_0008,Sekai (9781),"Main Thread (0xed277) (Sekai, pid: 9781)"
24.156206375,End,WebLoadToReady,0x90,reset or cancelled,Sekai (9781),"Main Thread (0xed277) (Sekai, pid: 9781)"
24.156277541,End,WebSlotReset,0xad,completed,Sekai (9781),"Main Thread (0xed277) (Sekai, pid: 9781)"
24.156342291,Begin,FeedRenderCells,0xae,,Sekai (9781),"Main Thread (0xed277) (Sekai, pid: 9781)"
24.156360416,End,FeedRenderCells,0xae,completed,Sekai (9781),"Main Thread (0xed277) (Sekai, pid: 9781)"
24.156361916,End,WebPoolReconcile,0xac,completed,Sekai (9781),"Main Thread (0xed277) (Sekai, pid: 9781)"
24.299050875,Event,WebNavigationCommit,OS_SIGNPOST_ID_EXCLUSIVE,item=game_0006,Sekai (9781),"Main Thread (0xed277) (Sekai, pid: 9781)"
24.547810333,Begin,FeedDrag,0xaf,item=game_0006,Sekai (9781),"Main Thread (0xed277) (Sekai, pid: 9781)"
24.547826875,Event,FeedEligibility,OS_SIGNPOST_ID_EXCLUSIVE,item=none,Sekai (9781),"Main Thread (0xed277) (Sekai, pid: 9781)"
24.548115375,Begin,WebPoolReconcile,0xb0,current=game_0006 eligible=none,Sekai (9781),"Main Thread (0xed277) (Sekai, pid: 9781)"
24.548185875,Begin,FeedRenderCells,0xb1,,Sekai (9781),"Main Thread (0xed277) (Sekai, pid: 9781)"
24.548212666,End,FeedRenderCells,0xb1,completed,Sekai (9781),"Main Thread (0xed277) (Sekai, pid: 9781)"
24.548214458,End,WebPoolReconcile,0xb0,completed,Sekai (9781),"Main Thread (0xed277) (Sekai, pid: 9781)"
24.59794325,End,FeedDrag,0xaf,drag ended,Sekai (9781),"Main Thread (0xed277) (Sekai, pid: 9781)"
24.5979465,Begin,FeedDeceleration,0xb2,,Sekai (9781),"Main Thread (0xed277) (Sekai, pid: 9781)"
24.906008375,End,FeedDeceleration,0xb2,settled,Sekai (9781),"Main Thread (0xed277) (Sekai, pid: 9781)"
24.906012291,Begin,FeedSettle,0xb3,,Sekai (9781),"Main Thread (0xed277) (Sekai, pid: 9781)"
24.906021333,Event,FeedCurrentItem,OS_SIGNPOST_ID_EXCLUSIVE,index=5 item=game_0007,Sekai (9781),"Main Thread (0xed277) (Sekai, pid: 9781)"
24.90602325,Begin,FeedAssignWindow,0xb4,item=game_0007,Sekai (9781),"Main Thread (0xed277) (Sekai, pid: 9781)"
24.906082166,Begin,FeedRenderCells,0xb5,,Sekai (9781),"Main Thread (0xed277) (Sekai, pid: 9781)"
24.906116791,End,FeedRenderCells,0xb5,completed,Sekai (9781),"Main Thread (0xed277) (Sekai, pid: 9781)"
24.906120583,End,FeedAssignWindow,0xb4,completed,Sekai (9781),"Main Thread (0xed277) (Sekai, pid: 9781)"
24.906134166,Event,FeedEligibility,OS_SIGNPOST_ID_EXCLUSIVE,item=game_0007,Sekai (9781),"Main Thread (0xed277) (Sekai, pid: 9781)"
24.906215916,End,FeedSettle,0xb3,completed,Sekai (9781),"Main Thread (0xed277) (Sekai, pid: 9781)"
24.9064395,Begin,WebPoolReconcile,0xb6,current=game_0007 eligible=game_0007,Sekai (9781),"Main Thread (0xed277) (Sekai, pid: 9781)"
24.90649475,Begin,FeedRenderCells,0xb7,,Sekai (9781),"Main Thread (0xed277) (Sekai, pid: 9781)"
24.906513416,End,FeedRenderCells,0xb7,completed,Sekai (9781),"Main Thread (0xed277) (Sekai, pid: 9781)"
24.906515375,End,WebPoolReconcile,0xb6,completed,Sekai (9781),"Main Thread (0xed277) (Sekai, pid: 9781)"
25.047819958,Begin,FeedDrag,0xb8,item=game_0007,Sekai (9781),"Main Thread (0xed277) (Sekai, pid: 9781)"
25.047836083,Event,FeedEligibility,OS_SIGNPOST_ID_EXCLUSIVE,item=none,Sekai (9781),"Main Thread (0xed277) (Sekai, pid: 9781)"
25.0481215,Begin,WebPoolReconcile,0xb9,current=game_0007 eligible=none,Sekai (9781),"Main Thread (0xed277) (Sekai, pid: 9781)"
25.048184458,Begin,FeedRenderCells,0xba,,Sekai (9781),"Main Thread (0xed277) (Sekai, pid: 9781)"
25.048209708,End,FeedRenderCells,0xba,completed,Sekai (9781),"Main Thread (0xed277) (Sekai, pid: 9781)"
25.048211416,End,WebPoolReconcile,0xb9,completed,Sekai (9781),"Main Thread (0xed277) (Sekai, pid: 9781)"
25.122752916,End,FeedDrag,0xb8,drag ended,Sekai (9781),"Main Thread (0xed277) (Sekai, pid: 9781)"
25.122755958,Begin,FeedDeceleration,0xbb,,Sekai (9781),"Main Thread (0xed277) (Sekai, pid: 9781)"
25.4227985,End,FeedDeceleration,0xbb,settled,Sekai (9781),"Main Thread (0xed277) (Sekai, pid: 9781)"
25.422802375,Begin,FeedSettle,0xbc,,Sekai (9781),"Main Thread (0xed277) (Sekai, pid: 9781)"
25.422811833,Event,FeedCurrentItem,OS_SIGNPOST_ID_EXCLUSIVE,index=6 item=game_0008,Sekai (9781),"Main Thread (0xed277) (Sekai, pid: 9781)"
25.422813625,Begin,FeedAssignWindow,0xbd,item=game_0008,Sekai (9781),"Main Thread (0xed277) (Sekai, pid: 9781)"
25.422872666,Begin,FeedRenderCells,0xbe,,Sekai (9781),"Main Thread (0xed277) (Sekai, pid: 9781)"
25.422909708,End,FeedRenderCells,0xbe,completed,Sekai (9781),"Main Thread (0xed277) (Sekai, pid: 9781)"
25.42291375,End,FeedAssignWindow,0xbd,completed,Sekai (9781),"Main Thread (0xed277) (Sekai, pid: 9781)"
25.422927666,Event,FeedEligibility,OS_SIGNPOST_ID_EXCLUSIVE,item=game_0008,Sekai (9781),"Main Thread (0xed277) (Sekai, pid: 9781)"
25.423012125,End,FeedSettle,0xbc,completed,Sekai (9781),"Main Thread (0xed277) (Sekai, pid: 9781)"
25.423218833,Begin,WebPoolReconcile,0xbf,current=game_0008 eligible=game_0008,Sekai (9781),"Main Thread (0xed277) (Sekai, pid: 9781)"
25.42322725,Begin,WebSlotReset,0xc0,item=game_0006,Sekai (9781),"Main Thread (0xed277) (Sekai, pid: 9781)"
25.423325666,End,WebLoadToReady,0xa6,reset or cancelled,Sekai (9781),"Main Thread (0xed277) (Sekai, pid: 9781)"
25.423415833,End,WebSlotReset,0xc0,completed,Sekai (9781),"Main Thread (0xed277) (Sekai, pid: 9781)"
25.423485,Begin,FeedRenderCells,0xc1,,Sekai (9781),"Main Thread (0xed277) (Sekai, pid: 9781)"
25.42350175,End,FeedRenderCells,0xc1,completed,Sekai (9781),"Main Thread (0xed277) (Sekai, pid: 9781)"
25.423503291,End,WebPoolReconcile,0xbf,completed,Sekai (9781),"Main Thread (0xed277) (Sekai, pid: 9781)"
25.714583208,Begin,FeedDrag,0xc2,item=game_0008,Sekai (9781),"Main Thread (0xed277) (Sekai, pid: 9781)"
25.714599791,Event,FeedEligibility,OS_SIGNPOST_ID_EXCLUSIVE,item=none,Sekai (9781),"Main Thread (0xed277) (Sekai, pid: 9781)"
25.714862291,Begin,WebPoolReconcile,0xc3,current=game_0008 eligible=none,Sekai (9781),"Main Thread (0xed277) (Sekai, pid: 9781)"
25.714930791,Begin,FeedRenderCells,0xc4,,Sekai (9781),"Main Thread (0xed277) (Sekai, pid: 9781)"
25.714957875,End,FeedRenderCells,0xc4,completed,Sekai (9781),"Main Thread (0xed277) (Sekai, pid: 9781)"
25.714959666,End,WebPoolReconcile,0xc3,completed,Sekai (9781),"Main Thread (0xed277) (Sekai, pid: 9781)"
25.781198958,End,FeedDrag,0xc2,drag ended,Sekai (9781),"Main Thread (0xed277) (Sekai, pid: 9781)"
25.781202125,Begin,FeedDeceleration,0xc5,,Sekai (9781),"Main Thread (0xed277) (Sekai, pid: 9781)"
25.984859958,Event,WebNavigationCommit,OS_SIGNPOST_ID_EXCLUSIVE,item=blank,Sekai (9781),"Main Thread (0xed277) (Sekai, pid: 9781)"
25.989990541,Begin,WebPoolReconcile,0xc6,current=game_0008 eligible=none,Sekai (9781),"Main Thread (0xed277) (Sekai, pid: 9781)"
25.990082875,Begin,WebLoadToReady,0xc7,item=game_0008 role=current slot=0,Sekai (9781),"Main Thread (0xed277) (Sekai, pid: 9781)"
25.990389166,Begin,FeedRenderCells,0xc8,,Sekai (9781),"Main Thread (0xed277) (Sekai, pid: 9781)"
25.990519583,End,FeedRenderCells,0xc8,completed,Sekai (9781),"Main Thread (0xed277) (Sekai, pid: 9781)"
25.990520916,End,WebPoolReconcile,0xc6,completed,Sekai (9781),"Main Thread (0xed277) (Sekai, pid: 9781)"
26.006472791,Begin,FeedRenderCells,0xc9,,Sekai (9781),"Main Thread (0xed277) (Sekai, pid: 9781)"
26.006491791,End,FeedRenderCells,0xc9,completed,Sekai (9781),"Main Thread (0xed277) (Sekai, pid: 9781)"
26.106197166,End,FeedDeceleration,0xc5,settled,Sekai (9781),"Main Thread (0xed277) (Sekai, pid: 9781)"
26.1062005,Begin,FeedSettle,0xca,,Sekai (9781),"Main Thread (0xed277) (Sekai, pid: 9781)"
26.106209291,Event,FeedCurrentItem,OS_SIGNPOST_ID_EXCLUSIVE,index=7 item=game_0009,Sekai (9781),"Main Thread (0xed277) (Sekai, pid: 9781)"
26.106210958,Begin,FeedAssignWindow,0xcb,item=game_0009,Sekai (9781),"Main Thread (0xed277) (Sekai, pid: 9781)"
26.106270333,Begin,FeedRenderCells,0xcc,,Sekai (9781),"Main Thread (0xed277) (Sekai, pid: 9781)"
26.106296083,End,FeedRenderCells,0xcc,completed,Sekai (9781),"Main Thread (0xed277) (Sekai, pid: 9781)"
26.106299916,End,FeedAssignWindow,0xcb,completed,Sekai (9781),"Main Thread (0xed277) (Sekai, pid: 9781)"
26.1063135,Event,FeedEligibility,OS_SIGNPOST_ID_EXCLUSIVE,item=game_0009,Sekai (9781),"Main Thread (0xed277) (Sekai, pid: 9781)"
26.106388541,End,FeedSettle,0xca,completed,Sekai (9781),"Main Thread (0xed277) (Sekai, pid: 9781)"
26.106573291,Begin,WebPoolReconcile,0xcd,current=game_0009 eligible=game_0009,Sekai (9781),"Main Thread (0xed277) (Sekai, pid: 9781)"
26.10658425,Begin,WebSlotReset,0xce,item=game_0007,Sekai (9781),"Main Thread (0xed277) (Sekai, pid: 9781)"
26.106684791,End,WebLoadToReady,0x83,reset or cancelled,Sekai (9781),"Main Thread (0xed277) (Sekai, pid: 9781)"
26.106777666,End,WebSlotReset,0xce,completed,Sekai (9781),"Main Thread (0xed277) (Sekai, pid: 9781)"
26.106864875,Begin,FeedRenderCells,0xcf,,Sekai (9781),"Main Thread (0xed277) (Sekai, pid: 9781)"
26.106886083,End,FeedRenderCells,0xcf,completed,Sekai (9781),"Main Thread (0xed277) (Sekai, pid: 9781)"
26.106887708,End,WebPoolReconcile,0xcd,completed,Sekai (9781),"Main Thread (0xed277) (Sekai, pid: 9781)"
26.153675,Event,WebNavigationCommit,OS_SIGNPOST_ID_EXCLUSIVE,item=game_0008,Sekai (9781),"Main Thread (0xed277) (Sekai, pid: 9781)"
26.628243375,Event,WebNavigationCommit,OS_SIGNPOST_ID_EXCLUSIVE,item=blank,Sekai (9781),"Main Thread (0xed277) (Sekai, pid: 9781)"
26.635302583,Begin,WebPoolReconcile,0xd0,current=game_0009 eligible=game_0009,Sekai (9781),"Main Thread (0xed277) (Sekai, pid: 9781)"
26.635395291,Begin,WebLoadToReady,0xd1,item=game_0009 role=current slot=1,Sekai (9781),"Main Thread (0xed277) (Sekai, pid: 9781)"
26.635609083,Begin,FeedRenderCells,0xd2,,Sekai (9781),"Main Thread (0xed277) (Sekai, pid: 9781)"
26.635776958,End,FeedRenderCells,0xd2,completed,Sekai (9781),"Main Thread (0xed277) (Sekai, pid: 9781)"
26.635778791,End,WebPoolReconcile,0xd0,completed,Sekai (9781),"Main Thread (0xed277) (Sekai, pid: 9781)"
26.646531708,Begin,FeedRenderCells,0xd3,,Sekai (9781),"Main Thread (0xed277) (Sekai, pid: 9781)"
26.646562875,End,FeedRenderCells,0xd3,completed,Sekai (9781),"Main Thread (0xed277) (Sekai, pid: 9781)"
26.895466791,Event,WebNavigationCommit,OS_SIGNPOST_ID_EXCLUSIVE,item=game_0009,Sekai (9781),"Main Thread (0xed277) (Sekai, pid: 9781)"
26.931517375,Begin,FeedDrag,0xd4,item=game_0009,Sekai (9781),"Main Thread (0xed277) (Sekai, pid: 9781)"
26.93153375,Event,FeedEligibility,OS_SIGNPOST_ID_EXCLUSIVE,item=none,Sekai (9781),"Main Thread (0xed277) (Sekai, pid: 9781)"
26.931808416,Begin,WebPoolReconcile,0xd5,current=game_0009 eligible=none,Sekai (9781),"Main Thread (0xed277) (Sekai, pid: 9781)"
26.931881166,Begin,FeedRenderCells,0xd6,,Sekai (9781),"Main Thread (0xed277) (Sekai, pid: 9781)"
26.93190725,End,FeedRenderCells,0xd6,completed,Sekai (9781),"Main Thread (0xed277) (Sekai, pid: 9781)"
26.931908958,End,WebPoolReconcile,0xd5,completed,Sekai (9781),"Main Thread (0xed277) (Sekai, pid: 9781)"
27.048067,End,FeedDrag,0xd4,drag ended,Sekai (9781),"Main Thread (0xed277) (Sekai, pid: 9781)"
27.048070333,Begin,FeedDeceleration,0xd7,,Sekai (9781),"Main Thread (0xed277) (Sekai, pid: 9781)"
27.37316475,End,FeedDeceleration,0xd7,settled,Sekai (9781),"Main Thread (0xed277) (Sekai, pid: 9781)"
27.373168625,Begin,FeedSettle,0xd8,,Sekai (9781),"Main Thread (0xed277) (Sekai, pid: 9781)"
27.373177791,Event,FeedCurrentItem,OS_SIGNPOST_ID_EXCLUSIVE,index=8 item=game_0010,Sekai (9781),"Main Thread (0xed277) (Sekai, pid: 9781)"
27.373179583,Begin,FeedAssignWindow,0xd9,item=game_0010,Sekai (9781),"Main Thread (0xed277) (Sekai, pid: 9781)"
27.37324275,Begin,FeedRenderCells,0xda,,Sekai (9781),"Main Thread (0xed277) (Sekai, pid: 9781)"
27.37328175,End,FeedRenderCells,0xda,completed,Sekai (9781),"Main Thread (0xed277) (Sekai, pid: 9781)"
27.373286666,End,FeedAssignWindow,0xd9,completed,Sekai (9781),"Main Thread (0xed277) (Sekai, pid: 9781)"
27.373302458,Event,FeedEligibility,OS_SIGNPOST_ID_EXCLUSIVE,item=game_0010,Sekai (9781),"Main Thread (0xed277) (Sekai, pid: 9781)"
27.37339175,End,FeedSettle,0xd8,completed,Sekai (9781),"Main Thread (0xed277) (Sekai, pid: 9781)"
27.373646125,Begin,WebPoolReconcile,0xdb,current=game_0010 eligible=game_0010,Sekai (9781),"Main Thread (0xed277) (Sekai, pid: 9781)"
27.373655708,Begin,WebSlotReset,0xdc,item=game_0008,Sekai (9781),"Main Thread (0xed277) (Sekai, pid: 9781)"
27.37376525,End,WebLoadToReady,0xc7,reset or cancelled,Sekai (9781),"Main Thread (0xed277) (Sekai, pid: 9781)"
27.373877541,End,WebSlotReset,0xdc,completed,Sekai (9781),"Main Thread (0xed277) (Sekai, pid: 9781)"
27.373955208,Begin,FeedRenderCells,0xdd,,Sekai (9781),"Main Thread (0xed277) (Sekai, pid: 9781)"
27.373975416,End,FeedRenderCells,0xdd,completed,Sekai (9781),"Main Thread (0xed277) (Sekai, pid: 9781)"
27.373977041,End,WebPoolReconcile,0xdb,completed,Sekai (9781),"Main Thread (0xed277) (Sekai, pid: 9781)"
27.646042916,Event,WebNavigationCommit,OS_SIGNPOST_ID_EXCLUSIVE,item=blank,Sekai (9781),"Main Thread (0xed277) (Sekai, pid: 9781)"
27.652731625,Begin,WebPoolReconcile,0xde,current=game_0010 eligible=game_0010,Sekai (9781),"Main Thread (0xed277) (Sekai, pid: 9781)"
27.65284175,Begin,WebLoadToReady,0xdf,item=game_0010 role=current slot=0,Sekai (9781),"Main Thread (0xed277) (Sekai, pid: 9781)"
27.653142291,Begin,FeedRenderCells,0xe0,,Sekai (9781),"Main Thread (0xed277) (Sekai, pid: 9781)"
27.653343958,End,FeedRenderCells,0xe0,completed,Sekai (9781),"Main Thread (0xed277) (Sekai, pid: 9781)"
27.6533465,End,WebPoolReconcile,0xde,completed,Sekai (9781),"Main Thread (0xed277) (Sekai, pid: 9781)"
27.677757208,Begin,FeedRenderCells,0xe1,,Sekai (9781),"Main Thread (0xed277) (Sekai, pid: 9781)"
27.677792041,End,FeedRenderCells,0xe1,completed,Sekai (9781),"Main Thread (0xed277) (Sekai, pid: 9781)"
27.843305916,Event,WebNavigationCommit,OS_SIGNPOST_ID_EXCLUSIVE,item=game_0010,Sekai (9781),"Main Thread (0xed277) (Sekai, pid: 9781)"
28.198348541,Begin,FeedDrag,0xe2,item=game_0010,Sekai (9781),"Main Thread (0xed277) (Sekai, pid: 9781)"
28.19836475,Event,FeedEligibility,OS_SIGNPOST_ID_EXCLUSIVE,item=none,Sekai (9781),"Main Thread (0xed277) (Sekai, pid: 9781)"
28.198636541,Begin,WebPoolReconcile,0xe3,current=game_0010 eligible=none,Sekai (9781),"Main Thread (0xed277) (Sekai, pid: 9781)"
28.198700041,Begin,FeedRenderCells,0xe4,,Sekai (9781),"Main Thread (0xed277) (Sekai, pid: 9781)"
28.198725791,End,FeedRenderCells,0xe4,completed,Sekai (9781),"Main Thread (0xed277) (Sekai, pid: 9781)"
28.1987275,End,WebPoolReconcile,0xe3,completed,Sekai (9781),"Main Thread (0xed277) (Sekai, pid: 9781)"
28.323314291,End,FeedDrag,0xe2,drag ended,Sekai (9781),"Main Thread (0xed277) (Sekai, pid: 9781)"
28.323317333,Begin,FeedDeceleration,0xe5,,Sekai (9781),"Main Thread (0xed277) (Sekai, pid: 9781)"
28.656759125,End,FeedDeceleration,0xe5,settled,Sekai (9781),"Main Thread (0xed277) (Sekai, pid: 9781)"
28.6567625,Begin,FeedSettle,0xe6,,Sekai (9781),"Main Thread (0xed277) (Sekai, pid: 9781)"
28.656771416,Event,FeedCurrentItem,OS_SIGNPOST_ID_EXCLUSIVE,index=9 item=game_0012,Sekai (9781),"Main Thread (0xed277) (Sekai, pid: 9781)"
28.656773416,Begin,FeedAssignWindow,0xe7,item=game_0012,Sekai (9781),"Main Thread (0xed277) (Sekai, pid: 9781)"
28.656836166,Begin,FeedRenderCells,0xe8,,Sekai (9781),"Main Thread (0xed277) (Sekai, pid: 9781)"
28.656873375,End,FeedRenderCells,0xe8,completed,Sekai (9781),"Main Thread (0xed277) (Sekai, pid: 9781)"
28.656878,End,FeedAssignWindow,0xe7,completed,Sekai (9781),"Main Thread (0xed277) (Sekai, pid: 9781)"
28.656892416,Event,FeedEligibility,OS_SIGNPOST_ID_EXCLUSIVE,item=game_0012,Sekai (9781),"Main Thread (0xed277) (Sekai, pid: 9781)"
28.656991083,End,FeedSettle,0xe6,completed,Sekai (9781),"Main Thread (0xed277) (Sekai, pid: 9781)"
28.657227041,Begin,WebPoolReconcile,0xe9,current=game_0012 eligible=game_0012,Sekai (9781),"Main Thread (0xed277) (Sekai, pid: 9781)"
28.657236916,Begin,WebSlotReset,0xea,item=game_0009,Sekai (9781),"Main Thread (0xed277) (Sekai, pid: 9781)"
28.657335375,End,WebLoadToReady,0xd1,reset or cancelled,Sekai (9781),"Main Thread (0xed277) (Sekai, pid: 9781)"
28.65742475,End,WebSlotReset,0xea,completed,Sekai (9781),"Main Thread (0xed277) (Sekai, pid: 9781)"
28.657494083,Begin,FeedRenderCells,0xeb,,Sekai (9781),"Main Thread (0xed277) (Sekai, pid: 9781)"
28.657514208,End,FeedRenderCells,0xeb,completed,Sekai (9781),"Main Thread (0xed277) (Sekai, pid: 9781)"
28.657515708,End,WebPoolReconcile,0xe9,completed,Sekai (9781),"Main Thread (0xed277) (Sekai, pid: 9781)"
29.196410291,Event,WebNavigationCommit,OS_SIGNPOST_ID_EXCLUSIVE,item=blank,Sekai (9781),"Main Thread (0xed277) (Sekai, pid: 9781)"
29.201662333,Begin,WebPoolReconcile,0xec,current=game_0012 eligible=game_0012,Sekai (9781),"Main Thread (0xed277) (Sekai, pid: 9781)"
29.201773,Begin,WebLoadToReady,0xed,item=game_0012 role=current slot=1,Sekai (9781),"Main Thread (0xed277) (Sekai, pid: 9781)"
29.202068375,Begin,FeedRenderCells,0xee,,Sekai (9781),"Main Thread (0xed277) (Sekai, pid: 9781)"
29.202353416,End,FeedRenderCells,0xee,completed,Sekai (9781),"Main Thread (0xed277) (Sekai, pid: 9781)"
29.202356541,End,WebPoolReconcile,0xec,completed,Sekai (9781),"Main Thread (0xed277) (Sekai, pid: 9781)"
29.21154075,Begin,FeedRenderCells,0xef,,Sekai (9781),"Main Thread (0xed277) (Sekai, pid: 9781)"
29.211572875,End,FeedRenderCells,0xef,completed,Sekai (9781),"Main Thread (0xed277) (Sekai, pid: 9781)"
29.230054708,Event,WebNavigationCommit,OS_SIGNPOST_ID_EXCLUSIVE,item=blank,Sekai (9781),"Main Thread (0xed277) (Sekai, pid: 9781)"
29.235759875,Begin,WebPoolReconcile,0xf0,current=game_0012 eligible=game_0012,Sekai (9781),"Main Thread (0xed277) (Sekai, pid: 9781)"
29.235860083,Begin,WebLoadToReady,0xf1,item=game_0013 role=adjacent slot=2,Sekai (9781),"Main Thread (0xed277) (Sekai, pid: 9781)"
29.236118416,Begin,FeedRenderCells,0xf2,,Sekai (9781),"Main Thread (0xed277) (Sekai, pid: 9781)"
29.236146416,End,FeedRenderCells,0xf2,completed,Sekai (9781),"Main Thread (0xed277) (Sekai, pid: 9781)"
29.236148208,End,WebPoolReconcile,0xf0,completed,Sekai (9781),"Main Thread (0xed277) (Sekai, pid: 9781)"
29.265766541,Begin,FeedRenderCells,0xf3,,Sekai (9781),"Main Thread (0xed277) (Sekai, pid: 9781)"
29.265790041,End,FeedRenderCells,0xf3,completed,Sekai (9781),"Main Thread (0xed277) (Sekai, pid: 9781)"
29.352090041,Event,WebNavigationCommit,OS_SIGNPOST_ID_EXCLUSIVE,item=game_0012,Sekai (9781),"Main Thread (0xed277) (Sekai, pid: 9781)"
29.572719416,Event,WebNavigationCommit,OS_SIGNPOST_ID_EXCLUSIVE,item=game_0013,Sekai (9781),"Main Thread (0xed277) (Sekai, pid: 9781)"
29.965424291,Begin,FeedDrag,0xf4,item=game_0012,Sekai (9781),"Main Thread (0xed277) (Sekai, pid: 9781)"
29.965441083,Event,FeedEligibility,OS_SIGNPOST_ID_EXCLUSIVE,item=none,Sekai (9781),"Main Thread (0xed277) (Sekai, pid: 9781)"
29.965765541,Begin,WebPoolReconcile,0xf5,current=game_0012 eligible=none,Sekai (9781),"Main Thread (0xed277) (Sekai, pid: 9781)"
29.965835291,Begin,FeedRenderCells,0xf6,,Sekai (9781),"Main Thread (0xed277) (Sekai, pid: 9781)"
29.965864166,End,FeedRenderCells,0xf6,completed,Sekai (9781),"Main Thread (0xed277) (Sekai, pid: 9781)"
29.965866041,End,WebPoolReconcile,0xf5,completed,Sekai (9781),"Main Thread (0xed277) (Sekai, pid: 9781)"
30.065543791,End,FeedDrag,0xf4,drag ended,Sekai (9781),"Main Thread (0xed277) (Sekai, pid: 9781)"
30.065547333,Begin,FeedDeceleration,0xf7,,Sekai (9781),"Main Thread (0xed277) (Sekai, pid: 9781)"
30.39037675,End,FeedDeceleration,0xf7,settled,Sekai (9781),"Main Thread (0xed277) (Sekai, pid: 9781)"
30.390380375,Begin,FeedSettle,0xf8,,Sekai (9781),"Main Thread (0xed277) (Sekai, pid: 9781)"
30.390389625,Event,FeedCurrentItem,OS_SIGNPOST_ID_EXCLUSIVE,index=10 item=game_0013,Sekai (9781),"Main Thread (0xed277) (Sekai, pid: 9781)"
30.390391541,Begin,FeedAssignWindow,0xf9,item=game_0013,Sekai (9781),"Main Thread (0xed277) (Sekai, pid: 9781)"
30.390454916,Begin,FeedRenderCells,0xfa,,Sekai (9781),"Main Thread (0xed277) (Sekai, pid: 9781)"
30.390493958,End,FeedRenderCells,0xfa,completed,Sekai (9781),"Main Thread (0xed277) (Sekai, pid: 9781)"
30.390498833,End,FeedAssignWindow,0xf9,completed,Sekai (9781),"Main Thread (0xed277) (Sekai, pid: 9781)"
30.390513708,Event,FeedEligibility,OS_SIGNPOST_ID_EXCLUSIVE,item=game_0013,Sekai (9781),"Main Thread (0xed277) (Sekai, pid: 9781)"
30.390600541,End,FeedSettle,0xf8,completed,Sekai (9781),"Main Thread (0xed277) (Sekai, pid: 9781)"
30.390856375,Begin,WebPoolReconcile,0xfb,current=game_0013 eligible=game_0013,Sekai (9781),"Main Thread (0xed277) (Sekai, pid: 9781)"
30.390875625,Begin,WebSlotReset,0xfc,item=game_0010,Sekai (9781),"Main Thread (0xed277) (Sekai, pid: 9781)"
30.390986791,End,WebLoadToReady,0xdf,reset or cancelled,Sekai (9781),"Main Thread (0xed277) (Sekai, pid: 9781)"
30.391090208,End,WebSlotReset,0xfc,completed,Sekai (9781),"Main Thread (0xed277) (Sekai, pid: 9781)"
30.39117525,Begin,FeedRenderCells,0xfd,,Sekai (9781),"Main Thread (0xed277) (Sekai, pid: 9781)"
30.391196583,End,FeedRenderCells,0xfd,completed,Sekai (9781),"Main Thread (0xed277) (Sekai, pid: 9781)"
30.39119825,End,WebPoolReconcile,0xfb,completed,Sekai (9781),"Main Thread (0xed277) (Sekai, pid: 9781)"
31.882366166,Begin,FeedDrag,0xfe,item=game_0013,Sekai (9781),"Main Thread (0xed277) (Sekai, pid: 9781)"
31.882382708,Event,FeedEligibility,OS_SIGNPOST_ID_EXCLUSIVE,item=none,Sekai (9781),"Main Thread (0xed277) (Sekai, pid: 9781)"
31.88266575,Begin,WebPoolReconcile,0xff,current=game_0013 eligible=none,Sekai (9781),"Main Thread (0xed277) (Sekai, pid: 9781)"
31.882734583,Begin,FeedRenderCells,0x100,,Sekai (9781),"Main Thread (0xed277) (Sekai, pid: 9781)"
31.882762083,End,FeedRenderCells,0x100,completed,Sekai (9781),"Main Thread (0xed277) (Sekai, pid: 9781)"
31.88276375,End,WebPoolReconcile,0xff,completed,Sekai (9781),"Main Thread (0xed277) (Sekai, pid: 9781)"
32.007233958,End,FeedDrag,0xfe,drag ended,Sekai (9781),"Main Thread (0xed277) (Sekai, pid: 9781)"
32.00723725,Begin,FeedDeceleration,0x101,,Sekai (9781),"Main Thread (0xed277) (Sekai, pid: 9781)"
32.34070375,End,FeedDeceleration,0x101,settled,Sekai (9781),"Main Thread (0xed277) (Sekai, pid: 9781)"
32.340707458,Begin,FeedSettle,0x102,,Sekai (9781),"Main Thread (0xed277) (Sekai, pid: 9781)"
32.340718666,Event,FeedCurrentItem,OS_SIGNPOST_ID_EXCLUSIVE,index=11 item=game_0014,Sekai (9781),"Main Thread (0xed277) (Sekai, pid: 9781)"
32.340720708,Begin,FeedAssignWindow,0x103,item=game_0014,Sekai (9781),"Main Thread (0xed277) (Sekai, pid: 9781)"
32.340804833,Begin,FeedRenderCells,0x104,,Sekai (9781),"Main Thread (0xed277) (Sekai, pid: 9781)"
32.340861333,End,FeedRenderCells,0x104,completed,Sekai (9781),"Main Thread (0xed277) (Sekai, pid: 9781)"
32.340866458,End,FeedAssignWindow,0x103,completed,Sekai (9781),"Main Thread (0xed277) (Sekai, pid: 9781)"
32.34088425,Event,FeedEligibility,OS_SIGNPOST_ID_EXCLUSIVE,item=game_0014,Sekai (9781),"Main Thread (0xed277) (Sekai, pid: 9781)"
32.341080583,End,FeedSettle,0x102,completed,Sekai (9781),"Main Thread (0xed277) (Sekai, pid: 9781)"
32.341349166,Begin,WebPoolReconcile,0x105,current=game_0014 eligible=game_0014,Sekai (9781),"Main Thread (0xed277) (Sekai, pid: 9781)"
32.341360083,Begin,WebSlotReset,0x106,item=game_0012,Sekai (9781),"Main Thread (0xed277) (Sekai, pid: 9781)"
32.341477333,End,WebLoadToReady,0xed,reset or cancelled,Sekai (9781),"Main Thread (0xed277) (Sekai, pid: 9781)"
32.341579666,End,WebSlotReset,0x106,completed,Sekai (9781),"Main Thread (0xed277) (Sekai, pid: 9781)"
32.341666375,Begin,FeedRenderCells,0x107,,Sekai (9781),"Main Thread (0xed277) (Sekai, pid: 9781)"
32.3416895,End,FeedRenderCells,0x107,completed,Sekai (9781),"Main Thread (0xed277) (Sekai, pid: 9781)"
32.341691166,End,WebPoolReconcile,0x105,completed,Sekai (9781),"Main Thread (0xed277) (Sekai, pid: 9781)"
33.039967875,Event,WebNavigationCommit,OS_SIGNPOST_ID_EXCLUSIVE,item=blank,Sekai (9781),"Main Thread (0xed277) (Sekai, pid: 9781)"
33.045096041,Begin,WebPoolReconcile,0x108,current=game_0014 eligible=game_0014,Sekai (9781),"Main Thread (0xed277) (Sekai, pid: 9781)"
33.045202333,Begin,WebLoadToReady,0x109,item=game_0014 role=current slot=1,Sekai (9781),"Main Thread (0xed277) (Sekai, pid: 9781)"
33.045512333,Begin,FeedRenderCells,0x10a,,Sekai (9781),"Main Thread (0xed277) (Sekai, pid: 9781)"
33.045722333,End,FeedRenderCells,0x10a,completed,Sekai (9781),"Main Thread (0xed277) (Sekai, pid: 9781)"
33.045724916,End,WebPoolReconcile,0x108,completed,Sekai (9781),"Main Thread (0xed277) (Sekai, pid: 9781)"
33.057588541,Begin,FeedRenderCells,0x10b,,Sekai (9781),"Main Thread (0xed277) (Sekai, pid: 9781)"
33.057610666,End,FeedRenderCells,0x10b,completed,Sekai (9781),"Main Thread (0xed277) (Sekai, pid: 9781)"
33.182604208,Begin,FeedDrag,0x10c,item=game_0014,Sekai (9781),"Main Thread (0xed277) (Sekai, pid: 9781)"
33.182620166,Event,FeedEligibility,OS_SIGNPOST_ID_EXCLUSIVE,item=none,Sekai (9781),"Main Thread (0xed277) (Sekai, pid: 9781)"
33.182898708,Begin,WebPoolReconcile,0x10d,current=game_0014 eligible=none,Sekai (9781),"Main Thread (0xed277) (Sekai, pid: 9781)"
33.182968708,Begin,FeedRenderCells,0x10e,,Sekai (9781),"Main Thread (0xed277) (Sekai, pid: 9781)"
33.182993625,End,FeedRenderCells,0x10e,completed,Sekai (9781),"Main Thread (0xed277) (Sekai, pid: 9781)"
33.182995416,End,WebPoolReconcile,0x10d,completed,Sekai (9781),"Main Thread (0xed277) (Sekai, pid: 9781)"
33.224028333,Event,WebNavigationCommit,OS_SIGNPOST_ID_EXCLUSIVE,item=game_0014,Sekai (9781),"Main Thread (0xed277) (Sekai, pid: 9781)"
33.274151083,End,FeedDrag,0x10c,drag ended,Sekai (9781),"Main Thread (0xed277) (Sekai, pid: 9781)"
33.274154791,Begin,FeedDeceleration,0x10f,,Sekai (9781),"Main Thread (0xed277) (Sekai, pid: 9781)"
33.607448833,End,FeedDeceleration,0x10f,settled,Sekai (9781),"Main Thread (0xed277) (Sekai, pid: 9781)"
33.607452583,Begin,FeedSettle,0x110,,Sekai (9781),"Main Thread (0xed277) (Sekai, pid: 9781)"
33.60746275,Event,FeedCurrentItem,OS_SIGNPOST_ID_EXCLUSIVE,index=12 item=game_0015,Sekai (9781),"Main Thread (0xed277) (Sekai, pid: 9781)"
33.60746475,Begin,FeedAssignWindow,0x111,item=game_0015,Sekai (9781),"Main Thread (0xed277) (Sekai, pid: 9781)"
33.60753425,Begin,FeedRenderCells,0x112,,Sekai (9781),"Main Thread (0xed277) (Sekai, pid: 9781)"
33.607564458,End,FeedRenderCells,0x112,completed,Sekai (9781),"Main Thread (0xed277) (Sekai, pid: 9781)"
33.607569583,End,FeedAssignWindow,0x111,completed,Sekai (9781),"Main Thread (0xed277) (Sekai, pid: 9781)"
33.607584375,Event,FeedEligibility,OS_SIGNPOST_ID_EXCLUSIVE,item=game_0015,Sekai (9781),"Main Thread (0xed277) (Sekai, pid: 9781)"
33.607670625,End,FeedSettle,0x110,completed,Sekai (9781),"Main Thread (0xed277) (Sekai, pid: 9781)"
33.607867416,Begin,WebPoolReconcile,0x113,current=game_0015 eligible=game_0015,Sekai (9781),"Main Thread (0xed277) (Sekai, pid: 9781)"
33.607878416,Begin,WebSlotReset,0x114,item=game_0013,Sekai (9781),"Main Thread (0xed277) (Sekai, pid: 9781)"
33.607979708,End,WebLoadToReady,0xf1,reset or cancelled,Sekai (9781),"Main Thread (0xed277) (Sekai, pid: 9781)"
33.608080291,End,WebSlotReset,0x114,completed,Sekai (9781),"Main Thread (0xed277) (Sekai, pid: 9781)"
33.60816325,Begin,FeedRenderCells,0x115,,Sekai (9781),"Main Thread (0xed277) (Sekai, pid: 9781)"
33.608184208,End,FeedRenderCells,0x115,completed,Sekai (9781),"Main Thread (0xed277) (Sekai, pid: 9781)"
33.60818575,End,WebPoolReconcile,0x113,completed,Sekai (9781),"Main Thread (0xed277) (Sekai, pid: 9781)"
34.0855515,Event,WebNavigationCommit,OS_SIGNPOST_ID_EXCLUSIVE,item=blank,Sekai (9781),"Main Thread (0xed277) (Sekai, pid: 9781)"
34.095450666,Begin,WebPoolReconcile,0x116,current=game_0015 eligible=game_0015,Sekai (9781),"Main Thread (0xed277) (Sekai, pid: 9781)"
34.095548958,Begin,WebLoadToReady,0x117,item=game_0015 role=current slot=2,Sekai (9781),"Main Thread (0xed277) (Sekai, pid: 9781)"
34.095839916,Begin,FeedRenderCells,0x118,,Sekai (9781),"Main Thread (0xed277) (Sekai, pid: 9781)"
34.096051583,End,FeedRenderCells,0x118,completed,Sekai (9781),"Main Thread (0xed277) (Sekai, pid: 9781)"
34.096054208,End,WebPoolReconcile,0x116,completed,Sekai (9781),"Main Thread (0xed277) (Sekai, pid: 9781)"
34.110972666,Begin,FeedRenderCells,0x119,,Sekai (9781),"Main Thread (0xed277) (Sekai, pid: 9781)"
34.111025291,End,FeedRenderCells,0x119,completed,Sekai (9781),"Main Thread (0xed277) (Sekai, pid: 9781)"
34.257091583,Event,WebNavigationCommit,OS_SIGNPOST_ID_EXCLUSIVE,item=game_0015,Sekai (9781),"Main Thread (0xed277) (Sekai, pid: 9781)"
34.44950575,Begin,FeedDrag,0x11a,item=game_0015,Sekai (9781),"Main Thread (0xed277) (Sekai, pid: 9781)"
34.449523,Event,FeedEligibility,OS_SIGNPOST_ID_EXCLUSIVE,item=none,Sekai (9781),"Main Thread (0xed277) (Sekai, pid: 9781)"
34.449826958,Begin,WebPoolReconcile,0x11b,current=game_0015 eligible=none,Sekai (9781),"Main Thread (0xed277) (Sekai, pid: 9781)"
34.449913666,Begin,FeedRenderCells,0x11c,,Sekai (9781),"Main Thread (0xed277) (Sekai, pid: 9781)"
34.449943958,End,FeedRenderCells,0x11c,completed,Sekai (9781),"Main Thread (0xed277) (Sekai, pid: 9781)"
34.449945916,End,WebPoolReconcile,0x11b,completed,Sekai (9781),"Main Thread (0xed277) (Sekai, pid: 9781)"
34.549372541,End,FeedDrag,0x11a,drag ended,Sekai (9781),"Main Thread (0xed277) (Sekai, pid: 9781)"
34.549376125,Begin,FeedDeceleration,0x11d,,Sekai (9781),"Main Thread (0xed277) (Sekai, pid: 9781)"
34.87440125,End,FeedDeceleration,0x11d,settled,Sekai (9781),"Main Thread (0xed277) (Sekai, pid: 9781)"
34.87440475,Begin,FeedSettle,0x11e,,Sekai (9781),"Main Thread (0xed277) (Sekai, pid: 9781)"
34.874413791,Event,FeedCurrentItem,OS_SIGNPOST_ID_EXCLUSIVE,index=13 item=game_0016,Sekai (9781),"Main Thread (0xed277) (Sekai, pid: 9781)"
34.874415541,Begin,FeedAssignWindow,0x11f,item=game_0016,Sekai (9781),"Main Thread (0xed277) (Sekai, pid: 9781)"
34.874479458,Begin,FeedRenderCells,0x120,,Sekai (9781),"Main Thread (0xed277) (Sekai, pid: 9781)"
34.874517416,End,FeedRenderCells,0x120,completed,Sekai (9781),"Main Thread (0xed277) (Sekai, pid: 9781)"
34.874537416,End,FeedAssignWindow,0x11f,completed,Sekai (9781),"Main Thread (0xed277) (Sekai, pid: 9781)"
34.874552875,Event,FeedEligibility,OS_SIGNPOST_ID_EXCLUSIVE,item=game_0016,Sekai (9781),"Main Thread (0xed277) (Sekai, pid: 9781)"
34.874656208,End,FeedSettle,0x11e,completed,Sekai (9781),"Main Thread (0xed277) (Sekai, pid: 9781)"
34.874900083,Begin,WebPoolReconcile,0x121,current=game_0016 eligible=game_0016,Sekai (9781),"Main Thread (0xed277) (Sekai, pid: 9781)"
34.874909458,Begin,WebSlotReset,0x122,item=game_0014,Sekai (9781),"Main Thread (0xed277) (Sekai, pid: 9781)"
34.875020708,End,WebLoadToReady,0x109,reset or cancelled,Sekai (9781),"Main Thread (0xed277) (Sekai, pid: 9781)"
34.875121083,End,WebSlotReset,0x122,completed,Sekai (9781),"Main Thread (0xed277) (Sekai, pid: 9781)"
34.875199041,Begin,FeedRenderCells,0x123,,Sekai (9781),"Main Thread (0xed277) (Sekai, pid: 9781)"
34.875217958,End,FeedRenderCells,0x123,completed,Sekai (9781),"Main Thread (0xed277) (Sekai, pid: 9781)"
34.875219625,End,WebPoolReconcile,0x121,completed,Sekai (9781),"Main Thread (0xed277) (Sekai, pid: 9781)"
34.875236958,Begin,FeedFilter,0x124,count=20,Sekai (9781),"Main Thread (0xed277) (Sekai, pid: 9781)"
34.875251041,End,FeedFilter,0x124,completed,Sekai (9781),"Main Thread (0xed277) (Sekai, pid: 9781)"
34.875283666,Begin,FeedFilter,0x125,count=20,Sekai (9781),"Main Thread (0xed277) (Sekai, pid: 9781)"
34.87529475,End,FeedFilter,0x125,completed,Sekai (9781),"Main Thread (0xed277) (Sekai, pid: 9781)"
34.875306083,Begin,FeedFilter,0x126,count=20,Sekai (9781),"Main Thread (0xed277) (Sekai, pid: 9781)"
34.875316166,End,FeedFilter,0x126,completed,Sekai (9781),"Main Thread (0xed277) (Sekai, pid: 9781)"
34.875327083,Begin,FeedPageLoad,0x127,page=2 generation=3 attempt=0,Sekai (9781),"Main Thread (0xed277) (Sekai, pid: 9781)"
34.930913125,Event,WebNavigationCommit,OS_SIGNPOST_ID_EXCLUSIVE,item=blank,Sekai (9781),"Main Thread (0xed277) (Sekai, pid: 9781)"
34.94284125,Begin,WebPoolReconcile,0x128,current=game_0016 eligible=game_0016,Sekai (9781),"Main Thread (0xed277) (Sekai, pid: 9781)"
34.942931916,Begin,WebLoadToReady,0x129,item=game_0016 role=current slot=1,Sekai (9781),"Main Thread (0xed277) (Sekai, pid: 9781)"
34.943217791,Begin,FeedRenderCells,0x12a,,Sekai (9781),"Main Thread (0xed277) (Sekai, pid: 9781)"
34.943390708,End,FeedRenderCells,0x12a,completed,Sekai (9781),"Main Thread (0xed277) (Sekai, pid: 9781)"
34.94339275,End,WebPoolReconcile,0x128,completed,Sekai (9781),"Main Thread (0xed277) (Sekai, pid: 9781)"
34.960664291,Begin,FeedRenderCells,0x12b,,Sekai (9781),"Main Thread (0xed277) (Sekai, pid: 9781)"
34.960708833,End,FeedRenderCells,0x12b,completed,Sekai (9781),"Main Thread (0xed277) (Sekai, pid: 9781)"
35.080925041,Event,WebNavigationCommit,OS_SIGNPOST_ID_EXCLUSIVE,item=game_0016,Sekai (9781),"Main Thread (0xed277) (Sekai, pid: 9781)"
35.264789875,Event,FeedPageReceived,OS_SIGNPOST_ID_EXCLUSIVE,page=2 count=10,Sekai (9781),"Main Thread (0xed277) (Sekai, pid: 9781)"
35.264848083,Begin,FeedFilter,0x12c,count=30,Sekai (9781),"Main Thread (0xed277) (Sekai, pid: 9781)"
35.264866166,End,FeedFilter,0x12c,completed,Sekai (9781),"Main Thread (0xed277) (Sekai, pid: 9781)"
35.264924041,End,FeedPageLoad,0x127,completed,Sekai (9781),"Main Thread (0xed277) (Sekai, pid: 9781)"
35.264933666,Begin,FeedFilter,0x12d,count=30,Sekai (9781),"Main Thread (0xed277) (Sekai, pid: 9781)"
35.264948875,End,FeedFilter,0x12d,completed,Sekai (9781),"Main Thread (0xed277) (Sekai, pid: 9781)"
35.265417541,Begin,FeedSnapshot,0x12e,old=16 new=25 revision=3,Sekai (9781),"Main Thread (0xed277) (Sekai, pid: 9781)"
35.265437208,Event,FeedEligibility,OS_SIGNPOST_ID_EXCLUSIVE,item=none,Sekai (9781),"Main Thread (0xed277) (Sekai, pid: 9781)"
35.267588541,Begin,WebPoolReconcile,0x12f,current=game_0016 eligible=none,Sekai (9781),"Main Thread (0xed277) (Sekai, pid: 9781)"
35.267713958,Begin,FeedRenderCells,0x130,,Sekai (9781),"Main Thread (0xed277) (Sekai, pid: 9781)"
35.267739791,End,FeedRenderCells,0x130,completed,Sekai (9781),"Main Thread (0xed277) (Sekai, pid: 9781)"
35.267741583,End,WebPoolReconcile,0x12f,completed,Sekai (9781),"Main Thread (0xed277) (Sekai, pid: 9781)"
35.2679335,Begin,FeedAssignWindow,0x131,item=game_0016,Sekai (9781),"Main Thread (0xed277) (Sekai, pid: 9781)"
35.268027583,Begin,FeedRenderCells,0x132,,Sekai (9781),"Main Thread (0xed277) (Sekai, pid: 9781)"
35.26805525,End,FeedRenderCells,0x132,completed,Sekai (9781),"Main Thread (0xed277) (Sekai, pid: 9781)"
35.268061666,End,FeedAssignWindow,0x131,completed,Sekai (9781),"Main Thread (0xed277) (Sekai, pid: 9781)"
35.268077541,Event,FeedEligibility,OS_SIGNPOST_ID_EXCLUSIVE,item=game_0016,Sekai (9781),"Main Thread (0xed277) (Sekai, pid: 9781)"
35.268144916,End,FeedSnapshot,0x12e,completed,Sekai (9781),"Main Thread (0xed277) (Sekai, pid: 9781)"
35.268200666,Begin,WebPoolReconcile,0x133,current=game_0016 eligible=game_0016,Sekai (9781),"Main Thread (0xed277) (Sekai, pid: 9781)"
35.268258583,Begin,FeedRenderCells,0x134,,Sekai (9781),"Main Thread (0xed277) (Sekai, pid: 9781)"
35.268271208,End,FeedRenderCells,0x134,completed,Sekai (9781),"Main Thread (0xed277) (Sekai, pid: 9781)"
35.26827275,End,WebPoolReconcile,0x133,completed,Sekai (9781),"Main Thread (0xed277) (Sekai, pid: 9781)"
35.649690541,Begin,FeedDrag,0x135,item=game_0016,Sekai (9781),"Main Thread (0xed277) (Sekai, pid: 9781)"
35.649710291,Event,FeedEligibility,OS_SIGNPOST_ID_EXCLUSIVE,item=none,Sekai (9781),"Main Thread (0xed277) (Sekai, pid: 9781)"
35.649992833,Begin,WebPoolReconcile,0x136,current=game_0016 eligible=none,Sekai (9781),"Main Thread (0xed277) (Sekai, pid: 9781)"
35.650071791,Begin,FeedRenderCells,0x137,,Sekai (9781),"Main Thread (0xed277) (Sekai, pid: 9781)"
35.650099791,End,FeedRenderCells,0x137,completed,Sekai (9781),"Main Thread (0xed277) (Sekai, pid: 9781)"
35.650101583,End,WebPoolReconcile,0x136,completed,Sekai (9781),"Main Thread (0xed277) (Sekai, pid: 9781)"
35.732885916,End,FeedDrag,0x135,drag ended,Sekai (9781),"Main Thread (0xed277) (Sekai, pid: 9781)"
35.732889625,Begin,FeedDeceleration,0x138,,Sekai (9781),"Main Thread (0xed277) (Sekai, pid: 9781)"
36.058044583,End,FeedDeceleration,0x138,settled,Sekai (9781),"Main Thread (0xed277) (Sekai, pid: 9781)"
36.058048,Begin,FeedSettle,0x139,,Sekai (9781),"Main Thread (0xed277) (Sekai, pid: 9781)"
36.058057208,Event,FeedCurrentItem,OS_SIGNPOST_ID_EXCLUSIVE,index=14 item=game_0017,Sekai (9781),"Main Thread (0xed277) (Sekai, pid: 9781)"
36.058059,Begin,FeedAssignWindow,0x13a,item=game_0017,Sekai (9781),"Main Thread (0xed277) (Sekai, pid: 9781)"
36.058131,Begin,FeedRenderCells,0x13b,,Sekai (9781),"Main Thread (0xed277) (Sekai, pid: 9781)"
36.05816775,End,FeedRenderCells,0x13b,completed,Sekai (9781),"Main Thread (0xed277) (Sekai, pid: 9781)"
36.058173166,End,FeedAssignWindow,0x13a,completed,Sekai (9781),"Main Thread (0xed277) (Sekai, pid: 9781)"
36.058190083,Event,FeedEligibility,OS_SIGNPOST_ID_EXCLUSIVE,item=game_0017,Sekai (9781),"Main Thread (0xed277) (Sekai, pid: 9781)"
36.058267708,End,FeedSettle,0x139,completed,Sekai (9781),"Main Thread (0xed277) (Sekai, pid: 9781)"
36.058523083,Begin,WebPoolReconcile,0x13c,current=game_0017 eligible=game_0017,Sekai (9781),"Main Thread (0xed277) (Sekai, pid: 9781)"
36.05853225,Begin,WebSlotReset,0x13d,item=game_0015,Sekai (9781),"Main Thread (0xed277) (Sekai, pid: 9781)"
36.058644125,End,WebLoadToReady,0x117,reset or cancelled,Sekai (9781),"Main Thread (0xed277) (Sekai, pid: 9781)"
36.058714333,End,WebSlotReset,0x13d,completed,Sekai (9781),"Main Thread (0xed277) (Sekai, pid: 9781)"
36.058788958,Begin,FeedRenderCells,0x13e,,Sekai (9781),"Main Thread (0xed277) (Sekai, pid: 9781)"
36.058804416,End,FeedRenderCells,0x13e,completed,Sekai (9781),"Main Thread (0xed277) (Sekai, pid: 9781)"
36.058805916,End,WebPoolReconcile,0x13c,completed,Sekai (9781),"Main Thread (0xed277) (Sekai, pid: 9781)"
36.277377416,Event,WebNavigationCommit,OS_SIGNPOST_ID_EXCLUSIVE,item=blank,Sekai (9781),"Main Thread (0xed277) (Sekai, pid: 9781)"
36.286314125,Begin,WebPoolReconcile,0x13f,current=game_0017 eligible=game_0017,Sekai (9781),"Main Thread (0xed277) (Sekai, pid: 9781)"
36.286410166,Begin,WebLoadToReady,0x140,item=game_0017 role=current slot=2,Sekai (9781),"Main Thread (0xed277) (Sekai, pid: 9781)"
36.286685833,Begin,FeedRenderCells,0x141,,Sekai (9781),"Main Thread (0xed277) (Sekai, pid: 9781)"
36.286885916,End,FeedRenderCells,0x141,completed,Sekai (9781),"Main Thread (0xed277) (Sekai, pid: 9781)"
36.286888291,End,WebPoolReconcile,0x13f,completed,Sekai (9781),"Main Thread (0xed277) (Sekai, pid: 9781)"
36.297122875,Begin,FeedRenderCells,0x142,,Sekai (9781),"Main Thread (0xed277) (Sekai, pid: 9781)"
36.297161041,End,FeedRenderCells,0x142,completed,Sekai (9781),"Main Thread (0xed277) (Sekai, pid: 9781)"
36.425587166,Event,WebNavigationCommit,OS_SIGNPOST_ID_EXCLUSIVE,item=game_0017,Sekai (9781),"Main Thread (0xed277) (Sekai, pid: 9781)"
36.933180833,Begin,FeedDrag,0x143,item=game_0017,Sekai (9781),"Main Thread (0xed277) (Sekai, pid: 9781)"
36.933203916,Event,FeedEligibility,OS_SIGNPOST_ID_EXCLUSIVE,item=none,Sekai (9781),"Main Thread (0xed277) (Sekai, pid: 9781)"
36.933490291,Begin,WebPoolReconcile,0x144,current=game_0017 eligible=none,Sekai (9781),"Main Thread (0xed277) (Sekai, pid: 9781)"
36.933568166,Begin,FeedRenderCells,0x145,,Sekai (9781),"Main Thread (0xed277) (Sekai, pid: 9781)"
36.933597541,End,FeedRenderCells,0x145,completed,Sekai (9781),"Main Thread (0xed277) (Sekai, pid: 9781)"
36.933599375,End,WebPoolReconcile,0x144,completed,Sekai (9781),"Main Thread (0xed277) (Sekai, pid: 9781)"
37.016502416,End,FeedDrag,0x143,drag ended,Sekai (9781),"Main Thread (0xed277) (Sekai, pid: 9781)"
37.016506041,Begin,FeedDeceleration,0x146,,Sekai (9781),"Main Thread (0xed277) (Sekai, pid: 9781)"
37.3414725,End,FeedDeceleration,0x146,settled,Sekai (9781),"Main Thread (0xed277) (Sekai, pid: 9781)"
37.341476083,Begin,FeedSettle,0x147,,Sekai (9781),"Main Thread (0xed277) (Sekai, pid: 9781)"
37.341486,Event,FeedCurrentItem,OS_SIGNPOST_ID_EXCLUSIVE,index=15 item=game_0019,Sekai (9781),"Main Thread (0xed277) (Sekai, pid: 9781)"
37.341488041,Begin,FeedAssignWindow,0x148,item=game_0019,Sekai (9781),"Main Thread (0xed277) (Sekai, pid: 9781)"
37.341563541,Begin,FeedRenderCells,0x149,,Sekai (9781),"Main Thread (0xed277) (Sekai, pid: 9781)"
37.341602041,End,FeedRenderCells,0x149,completed,Sekai (9781),"Main Thread (0xed277) (Sekai, pid: 9781)"
37.341608291,End,FeedAssignWindow,0x148,completed,Sekai (9781),"Main Thread (0xed277) (Sekai, pid: 9781)"
37.341626583,Event,FeedEligibility,OS_SIGNPOST_ID_EXCLUSIVE,item=game_0019,Sekai (9781),"Main Thread (0xed277) (Sekai, pid: 9781)"
37.341710125,End,FeedSettle,0x147,completed,Sekai (9781),"Main Thread (0xed277) (Sekai, pid: 9781)"
37.341959458,Begin,WebPoolReconcile,0x14a,current=game_0019 eligible=game_0019,Sekai (9781),"Main Thread (0xed277) (Sekai, pid: 9781)"
37.341969458,Begin,WebSlotReset,0x14b,item=game_0016,Sekai (9781),"Main Thread (0xed277) (Sekai, pid: 9781)"
37.342081875,End,WebLoadToReady,0x129,reset or cancelled,Sekai (9781),"Main Thread (0xed277) (Sekai, pid: 9781)"
37.342196166,End,WebSlotReset,0x14b,completed,Sekai (9781),"Main Thread (0xed277) (Sekai, pid: 9781)"
37.342282208,Begin,FeedRenderCells,0x14c,,Sekai (9781),"Main Thread (0xed277) (Sekai, pid: 9781)"
37.34230125,End,FeedRenderCells,0x14c,completed,Sekai (9781),"Main Thread (0xed277) (Sekai, pid: 9781)"
37.342302833,End,WebPoolReconcile,0x14a,completed,Sekai (9781),"Main Thread (0xed277) (Sekai, pid: 9781)"
37.477195166,Event,WebNavigationCommit,OS_SIGNPOST_ID_EXCLUSIVE,item=blank,Sekai (9781),"Main Thread (0xed277) (Sekai, pid: 9781)"
37.48569175,Begin,WebPoolReconcile,0x14d,current=game_0019 eligible=game_0019,Sekai (9781),"Main Thread (0xed277) (Sekai, pid: 9781)"
37.48578275,Begin,WebLoadToReady,0x14e,item=game_0019 role=current slot=1,Sekai (9781),"Main Thread (0xed277) (Sekai, pid: 9781)"
37.486037416,Begin,FeedRenderCells,0x14f,,Sekai (9781),"Main Thread (0xed277) (Sekai, pid: 9781)"
37.486209916,End,FeedRenderCells,0x14f,completed,Sekai (9781),"Main Thread (0xed277) (Sekai, pid: 9781)"
37.486211791,End,WebPoolReconcile,0x14d,completed,Sekai (9781),"Main Thread (0xed277) (Sekai, pid: 9781)"
37.494768416,Begin,FeedRenderCells,0x150,,Sekai (9781),"Main Thread (0xed277) (Sekai, pid: 9781)"
37.494804541,End,FeedRenderCells,0x150,completed,Sekai (9781),"Main Thread (0xed277) (Sekai, pid: 9781)"
37.711171375,Event,WebNavigationCommit,OS_SIGNPOST_ID_EXCLUSIVE,item=game_0019,Sekai (9781),"Main Thread (0xed277) (Sekai, pid: 9781)"
38.100022166,Begin,FeedDrag,0x151,item=game_0019,Sekai (9781),"Main Thread (0xed277) (Sekai, pid: 9781)"
38.100042375,Event,FeedEligibility,OS_SIGNPOST_ID_EXCLUSIVE,item=none,Sekai (9781),"Main Thread (0xed277) (Sekai, pid: 9781)"
38.100324333,Begin,WebPoolReconcile,0x152,current=game_0019 eligible=none,Sekai (9781),"Main Thread (0xed277) (Sekai, pid: 9781)"
38.100398,Begin,FeedRenderCells,0x153,,Sekai (9781),"Main Thread (0xed277) (Sekai, pid: 9781)"
38.100425208,End,FeedRenderCells,0x153,completed,Sekai (9781),"Main Thread (0xed277) (Sekai, pid: 9781)"
38.100426833,End,WebPoolReconcile,0x152,completed,Sekai (9781),"Main Thread (0xed277) (Sekai, pid: 9781)"
38.191760791,End,FeedDrag,0x151,drag ended,Sekai (9781),"Main Thread (0xed277) (Sekai, pid: 9781)"
38.191765041,Begin,FeedDeceleration,0x154,,Sekai (9781),"Main Thread (0xed277) (Sekai, pid: 9781)"
38.524917041,End,FeedDeceleration,0x154,settled,Sekai (9781),"Main Thread (0xed277) (Sekai, pid: 9781)"
38.524920708,Begin,FeedSettle,0x155,,Sekai (9781),"Main Thread (0xed277) (Sekai, pid: 9781)"
38.524930416,Event,FeedCurrentItem,OS_SIGNPOST_ID_EXCLUSIVE,index=16 item=game_0020,Sekai (9781),"Main Thread (0xed277) (Sekai, pid: 9781)"
38.524932375,Begin,FeedAssignWindow,0x156,item=game_0020,Sekai (9781),"Main Thread (0xed277) (Sekai, pid: 9781)"
38.525016208,Begin,FeedRenderCells,0x157,,Sekai (9781),"Main Thread (0xed277) (Sekai, pid: 9781)"
38.525046541,End,FeedRenderCells,0x157,completed,Sekai (9781),"Main Thread (0xed277) (Sekai, pid: 9781)"
38.525052916,End,FeedAssignWindow,0x156,completed,Sekai (9781),"Main Thread (0xed277) (Sekai, pid: 9781)"
38.525071333,Event,FeedEligibility,OS_SIGNPOST_ID_EXCLUSIVE,item=game_0020,Sekai (9781),"Main Thread (0xed277) (Sekai, pid: 9781)"
38.525161833,End,FeedSettle,0x155,completed,Sekai (9781),"Main Thread (0xed277) (Sekai, pid: 9781)"
38.525327208,Begin,WebPoolReconcile,0x158,current=game_0020 eligible=game_0020,Sekai (9781),"Main Thread (0xed277) (Sekai, pid: 9781)"
38.525337958,Begin,WebSlotReset,0x159,item=game_0017,Sekai (9781),"Main Thread (0xed277) (Sekai, pid: 9781)"
38.525445458,End,WebLoadToReady,0x140,reset or cancelled,Sekai (9781),"Main Thread (0xed277) (Sekai, pid: 9781)"
38.525551541,End,WebSlotReset,0x159,completed,Sekai (9781),"Main Thread (0xed277) (Sekai, pid: 9781)"
38.52564125,Begin,FeedRenderCells,0x15a,,Sekai (9781),"Main Thread (0xed277) (Sekai, pid: 9781)"
38.525660666,End,FeedRenderCells,0x15a,completed,Sekai (9781),"Main Thread (0xed277) (Sekai, pid: 9781)"
38.52566225,End,WebPoolReconcile,0x158,completed,Sekai (9781),"Main Thread (0xed277) (Sekai, pid: 9781)"
38.806693833,Event,WebNavigationCommit,OS_SIGNPOST_ID_EXCLUSIVE,item=blank,Sekai (9781),"Main Thread (0xed277) (Sekai, pid: 9781)"
38.814966791,Begin,WebPoolReconcile,0x15b,current=game_0020 eligible=game_0020,Sekai (9781),"Main Thread (0xed277) (Sekai, pid: 9781)"
38.815063916,Begin,WebLoadToReady,0x15c,item=game_0020 role=current slot=2,Sekai (9781),"Main Thread (0xed277) (Sekai, pid: 9781)"
38.815296041,Begin,FeedRenderCells,0x15d,,Sekai (9781),"Main Thread (0xed277) (Sekai, pid: 9781)"
38.815468291,End,FeedRenderCells,0x15d,completed,Sekai (9781),"Main Thread (0xed277) (Sekai, pid: 9781)"
38.815470375,End,WebPoolReconcile,0x15b,completed,Sekai (9781),"Main Thread (0xed277) (Sekai, pid: 9781)"
38.834048083,Begin,FeedRenderCells,0x15e,,Sekai (9781),"Main Thread (0xed277) (Sekai, pid: 9781)"
38.83408225,End,FeedRenderCells,0x15e,completed,Sekai (9781),"Main Thread (0xed277) (Sekai, pid: 9781)"
38.992168916,Event,WebNavigationCommit,OS_SIGNPOST_ID_EXCLUSIVE,item=game_0020,Sekai (9781),"Main Thread (0xed277) (Sekai, pid: 9781)"
39.216484083,Event,WebNavigationCommit,OS_SIGNPOST_ID_EXCLUSIVE,item=blank,Sekai (9781),"Main Thread (0xed277) (Sekai, pid: 9781)"
39.225981916,Begin,WebPoolReconcile,0x15f,current=game_0020 eligible=game_0020,Sekai (9781),"Main Thread (0xed277) (Sekai, pid: 9781)"
39.226080375,Begin,WebLoadToReady,0x160,item=game_0021 role=adjacent slot=0,Sekai (9781),"Main Thread (0xed277) (Sekai, pid: 9781)"
39.226336083,Begin,FeedRenderCells,0x161,,Sekai (9781),"Main Thread (0xed277) (Sekai, pid: 9781)"
39.226364083,End,FeedRenderCells,0x161,completed,Sekai (9781),"Main Thread (0xed277) (Sekai, pid: 9781)"
39.226365958,End,WebPoolReconcile,0x15f,completed,Sekai (9781),"Main Thread (0xed277) (Sekai, pid: 9781)"
39.235101333,Begin,FeedRenderCells,0x162,,Sekai (9781),"Main Thread (0xed277) (Sekai, pid: 9781)"
39.235129,End,FeedRenderCells,0x162,completed,Sekai (9781),"Main Thread (0xed277) (Sekai, pid: 9781)"
39.400347916,Begin,FeedDrag,0x163,item=game_0020,Sekai (9781),"Main Thread (0xed277) (Sekai, pid: 9781)"
39.400367291,Event,FeedEligibility,OS_SIGNPOST_ID_EXCLUSIVE,item=none,Sekai (9781),"Main Thread (0xed277) (Sekai, pid: 9781)"
39.400633208,Begin,WebPoolReconcile,0x164,current=game_0020 eligible=none,Sekai (9781),"Main Thread (0xed277) (Sekai, pid: 9781)"
39.40071,Begin,FeedRenderCells,0x165,,Sekai (9781),"Main Thread (0xed277) (Sekai, pid: 9781)"
39.40073625,End,FeedRenderCells,0x165,completed,Sekai (9781),"Main Thread (0xed277) (Sekai, pid: 9781)"
39.400738041,End,WebPoolReconcile,0x164,completed,Sekai (9781),"Main Thread (0xed277) (Sekai, pid: 9781)"
39.474145958,Event,WebNavigationCommit,OS_SIGNPOST_ID_EXCLUSIVE,item=game_0021,Sekai (9781),"Main Thread (0xed277) (Sekai, pid: 9781)"
39.4835065,End,FeedDrag,0x163,drag ended,Sekai (9781),"Main Thread (0xed277) (Sekai, pid: 9781)"
39.483509541,Begin,FeedDeceleration,0x166,,Sekai (9781),"Main Thread (0xed277) (Sekai, pid: 9781)"
39.825178625,End,FeedDeceleration,0x166,settled,Sekai (9781),"Main Thread (0xed277) (Sekai, pid: 9781)"
39.825182083,Begin,FeedSettle,0x167,,Sekai (9781),"Main Thread (0xed277) (Sekai, pid: 9781)"
39.825191458,Event,FeedCurrentItem,OS_SIGNPOST_ID_EXCLUSIVE,index=17 item=game_0021,Sekai (9781),"Main Thread (0xed277) (Sekai, pid: 9781)"
39.825193083,Begin,FeedAssignWindow,0x168,item=game_0021,Sekai (9781),"Main Thread (0xed277) (Sekai, pid: 9781)"
39.82526075,Begin,FeedRenderCells,0x169,,Sekai (9781),"Main Thread (0xed277) (Sekai, pid: 9781)"
39.825294041,End,FeedRenderCells,0x169,completed,Sekai (9781),"Main Thread (0xed277) (Sekai, pid: 9781)"
39.825300166,End,FeedAssignWindow,0x168,completed,Sekai (9781),"Main Thread (0xed277) (Sekai, pid: 9781)"
39.825316583,Event,FeedEligibility,OS_SIGNPOST_ID_EXCLUSIVE,item=game_0021,Sekai (9781),"Main Thread (0xed277) (Sekai, pid: 9781)"
39.825393,End,FeedSettle,0x167,completed,Sekai (9781),"Main Thread (0xed277) (Sekai, pid: 9781)"
39.825584875,Begin,WebPoolReconcile,0x16a,current=game_0021 eligible=game_0021,Sekai (9781),"Main Thread (0xed277) (Sekai, pid: 9781)"
39.825592458,Begin,WebSlotReset,0x16b,item=game_0019,Sekai (9781),"Main Thread (0xed277) (Sekai, pid: 9781)"
39.825664333,End,WebLoadToReady,0x14e,reset or cancelled,Sekai (9781),"Main Thread (0xed277) (Sekai, pid: 9781)"
39.825743375,End,WebSlotReset,0x16b,completed,Sekai (9781),"Main Thread (0xed277) (Sekai, pid: 9781)"
39.82580975,Begin,FeedRenderCells,0x16c,,Sekai (9781),"Main Thread (0xed277) (Sekai, pid: 9781)"
39.825820875,End,FeedRenderCells,0x16c,completed,Sekai (9781),"Main Thread (0xed277) (Sekai, pid: 9781)"
39.82582225,End,WebPoolReconcile,0x16a,completed,Sekai (9781),"Main Thread (0xed277) (Sekai, pid: 9781)"
40.164352125,Event,WebNavigationCommit,OS_SIGNPOST_ID_EXCLUSIVE,item=blank,Sekai (9781),"Main Thread (0xed277) (Sekai, pid: 9781)"
40.171721958,Begin,WebPoolReconcile,0x16d,current=game_0021 eligible=game_0021,Sekai (9781),"Main Thread (0xed277) (Sekai, pid: 9781)"
40.171814375,Begin,WebLoadToReady,0x16e,item=game_0022 role=adjacent slot=1,Sekai (9781),"Main Thread (0xed277) (Sekai, pid: 9781)"
40.172038666,Begin,FeedRenderCells,0x16f,,Sekai (9781),"Main Thread (0xed277) (Sekai, pid: 9781)"
40.172065791,End,FeedRenderCells,0x16f,completed,Sekai (9781),"Main Thread (0xed277) (Sekai, pid: 9781)"
40.172067541,End,WebPoolReconcile,0x16d,completed,Sekai (9781),"Main Thread (0xed277) (Sekai, pid: 9781)"
40.185803208,Begin,FeedRenderCells,0x170,,Sekai (9781),"Main Thread (0xed277) (Sekai, pid: 9781)"
40.185829,End,FeedRenderCells,0x170,completed,Sekai (9781),"Main Thread (0xed277) (Sekai, pid: 9781)"
40.491264208,Event,WebNavigationCommit,OS_SIGNPOST_ID_EXCLUSIVE,item=game_0022,Sekai (9781),"Main Thread (0xed277) (Sekai, pid: 9781)"
40.917138666,Begin,FeedDrag,0x171,item=game_0021,Sekai (9781),"Main Thread (0xed277) (Sekai, pid: 9781)"
40.917157583,Event,FeedEligibility,OS_SIGNPOST_ID_EXCLUSIVE,item=none,Sekai (9781),"Main Thread (0xed277) (Sekai, pid: 9781)"
40.91740825,Begin,WebPoolReconcile,0x172,current=game_0021 eligible=none,Sekai (9781),"Main Thread (0xed277) (Sekai, pid: 9781)"
40.917476541,Begin,FeedRenderCells,0x173,,Sekai (9781),"Main Thread (0xed277) (Sekai, pid: 9781)"
40.917500208,End,FeedRenderCells,0x173,completed,Sekai (9781),"Main Thread (0xed277) (Sekai, pid: 9781)"
40.917501791,End,WebPoolReconcile,0x172,completed,Sekai (9781),"Main Thread (0xed277) (Sekai, pid: 9781)"
41.01721,End,FeedDrag,0x171,drag ended,Sekai (9781),"Main Thread (0xed277) (Sekai, pid: 9781)"
41.017214666,Begin,FeedDeceleration,0x174,,Sekai (9781),"Main Thread (0xed277) (Sekai, pid: 9781)"
41.3421415,End,FeedDeceleration,0x174,settled,Sekai (9781),"Main Thread (0xed277) (Sekai, pid: 9781)"
41.342144208,Begin,FeedSettle,0x175,,Sekai (9781),"Main Thread (0xed277) (Sekai, pid: 9781)"
41.342152125,Event,FeedCurrentItem,OS_SIGNPOST_ID_EXCLUSIVE,index=18 item=game_0022,Sekai (9781),"Main Thread (0xed277) (Sekai, pid: 9781)"
41.342153916,Begin,FeedAssignWindow,0x176,item=game_0022,Sekai (9781),"Main Thread (0xed277) (Sekai, pid: 9781)"
41.342219416,Begin,FeedRenderCells,0x177,,Sekai (9781),"Main Thread (0xed277) (Sekai, pid: 9781)"
41.342252208,End,FeedRenderCells,0x177,completed,Sekai (9781),"Main Thread (0xed277) (Sekai, pid: 9781)"
41.3422585,End,FeedAssignWindow,0x176,completed,Sekai (9781),"Main Thread (0xed277) (Sekai, pid: 9781)"
41.342275625,Event,FeedEligibility,OS_SIGNPOST_ID_EXCLUSIVE,item=game_0022,Sekai (9781),"Main Thread (0xed277) (Sekai, pid: 9781)"
41.342350416,End,FeedSettle,0x175,completed,Sekai (9781),"Main Thread (0xed277) (Sekai, pid: 9781)"
41.342562708,Begin,WebPoolReconcile,0x178,current=game_0022 eligible=game_0022,Sekai (9781),"Main Thread (0xed277) (Sekai, pid: 9781)"
41.34257225,Begin,WebSlotReset,0x179,item=game_0020,Sekai (9781),"Main Thread (0xed277) (Sekai, pid: 9781)"
41.342660666,End,WebLoadToReady,0x15c,reset or cancelled,Sekai (9781),"Main Thread (0xed277) (Sekai, pid: 9781)"
41.342748416,End,WebSlotReset,0x179,completed,Sekai (9781),"Main Thread (0xed277) (Sekai, pid: 9781)"
41.342820916,Begin,FeedRenderCells,0x17a,,Sekai (9781),"Main Thread (0xed277) (Sekai, pid: 9781)"
41.342836541,End,FeedRenderCells,0x17a,completed,Sekai (9781),"Main Thread (0xed277) (Sekai, pid: 9781)"
41.342838083,End,WebPoolReconcile,0x178,completed,Sekai (9781),"Main Thread (0xed277) (Sekai, pid: 9781)"
42.117893375,Event,WebNavigationCommit,OS_SIGNPOST_ID_EXCLUSIVE,item=blank,Sekai (9781),"Main Thread (0xed277) (Sekai, pid: 9781)"
42.123675208,Begin,WebPoolReconcile,0x17b,current=game_0022 eligible=game_0022,Sekai (9781),"Main Thread (0xed277) (Sekai, pid: 9781)"
42.123767083,Begin,WebLoadToReady,0x17c,item=game_0023 role=adjacent slot=2,Sekai (9781),"Main Thread (0xed277) (Sekai, pid: 9781)"
42.124005416,Begin,FeedRenderCells,0x17d,,Sekai (9781),"Main Thread (0xed277) (Sekai, pid: 9781)"
42.124032208,End,FeedRenderCells,0x17d,completed,Sekai (9781),"Main Thread (0xed277) (Sekai, pid: 9781)"
42.124034083,End,WebPoolReconcile,0x17b,completed,Sekai (9781),"Main Thread (0xed277) (Sekai, pid: 9781)"
42.140671125,Begin,FeedRenderCells,0x17e,,Sekai (9781),"Main Thread (0xed277) (Sekai, pid: 9781)"
42.140698958,End,FeedRenderCells,0x17e,completed,Sekai (9781),"Main Thread (0xed277) (Sekai, pid: 9781)"
42.270099916,Event,WebNavigationCommit,OS_SIGNPOST_ID_EXCLUSIVE,item=game_0023,Sekai (9781),"Main Thread (0xed277) (Sekai, pid: 9781)"
42.80081175,Begin,FeedDrag,0x17f,item=game_0022,Sekai (9781),"Main Thread (0xed277) (Sekai, pid: 9781)"
42.800832541,Event,FeedEligibility,OS_SIGNPOST_ID_EXCLUSIVE,item=none,Sekai (9781),"Main Thread (0xed277) (Sekai, pid: 9781)"
42.801109625,Begin,WebPoolReconcile,0x180,current=game_0022 eligible=none,Sekai (9781),"Main Thread (0xed277) (Sekai, pid: 9781)"
42.801181541,Begin,FeedRenderCells,0x181,,Sekai (9781),"Main Thread (0xed277) (Sekai, pid: 9781)"
42.801208833,End,FeedRenderCells,0x181,completed,Sekai (9781),"Main Thread (0xed277) (Sekai, pid: 9781)"
42.8012105,End,WebPoolReconcile,0x180,completed,Sekai (9781),"Main Thread (0xed277) (Sekai, pid: 9781)"
42.875769875,End,FeedDrag,0x17f,drag ended,Sekai (9781),"Main Thread (0xed277) (Sekai, pid: 9781)"
42.875773333,Begin,FeedDeceleration,0x182,,Sekai (9781),"Main Thread (0xed277) (Sekai, pid: 9781)"
43.209120208,End,FeedDeceleration,0x182,settled,Sekai (9781),"Main Thread (0xed277) (Sekai, pid: 9781)"
43.209123541,Begin,FeedSettle,0x183,,Sekai (9781),"Main Thread (0xed277) (Sekai, pid: 9781)"
43.209132416,Event,FeedCurrentItem,OS_SIGNPOST_ID_EXCLUSIVE,index=19 item=game_0023,Sekai (9781),"Main Thread (0xed277) (Sekai, pid: 9781)"
43.20913425,Begin,FeedAssignWindow,0x184,item=game_0023,Sekai (9781),"Main Thread (0xed277) (Sekai, pid: 9781)"
43.209206166,Begin,FeedRenderCells,0x185,,Sekai (9781),"Main Thread (0xed277) (Sekai, pid: 9781)"
43.20924225,End,FeedRenderCells,0x185,completed,Sekai (9781),"Main Thread (0xed277) (Sekai, pid: 9781)"
43.209248875,End,FeedAssignWindow,0x184,completed,Sekai (9781),"Main Thread (0xed277) (Sekai, pid: 9781)"
43.209266666,Event,FeedEligibility,OS_SIGNPOST_ID_EXCLUSIVE,item=game_0023,Sekai (9781),"Main Thread (0xed277) (Sekai, pid: 9781)"
43.209348333,End,FeedSettle,0x183,completed,Sekai (9781),"Main Thread (0xed277) (Sekai, pid: 9781)"
43.209564708,Begin,WebPoolReconcile,0x186,current=game_0023 eligible=game_0023,Sekai (9781),"Main Thread (0xed277) (Sekai, pid: 9781)"
43.20957325,Begin,WebSlotReset,0x187,item=game_0021,Sekai (9781),"Main Thread (0xed277) (Sekai, pid: 9781)"
43.209672083,End,WebLoadToReady,0x160,reset or cancelled,Sekai (9781),"Main Thread (0xed277) (Sekai, pid: 9781)"
43.209756791,End,WebSlotReset,0x187,completed,Sekai (9781),"Main Thread (0xed277) (Sekai, pid: 9781)"
43.209836583,Begin,FeedRenderCells,0x188,,Sekai (9781),"Main Thread (0xed277) (Sekai, pid: 9781)"
43.209854875,End,FeedRenderCells,0x188,completed,Sekai (9781),"Main Thread (0xed277) (Sekai, pid: 9781)"
43.209856458,End,WebPoolReconcile,0x186,completed,Sekai (9781),"Main Thread (0xed277) (Sekai, pid: 9781)"
43.542977083,Event,WebNavigationCommit,OS_SIGNPOST_ID_EXCLUSIVE,item=blank,Sekai (9781),"Main Thread (0xed277) (Sekai, pid: 9781)"
43.547861833,Begin,WebPoolReconcile,0x189,current=game_0023 eligible=game_0023,Sekai (9781),"Main Thread (0xed277) (Sekai, pid: 9781)"
43.547950083,Begin,WebLoadToReady,0x18a,item=game_0024 role=adjacent slot=0,Sekai (9781),"Main Thread (0xed277) (Sekai, pid: 9781)"
43.548190041,Begin,FeedRenderCells,0x18b,,Sekai (9781),"Main Thread (0xed277) (Sekai, pid: 9781)"
43.548215375,End,FeedRenderCells,0x18b,completed,Sekai (9781),"Main Thread (0xed277) (Sekai, pid: 9781)"
43.548217083,End,WebPoolReconcile,0x189,completed,Sekai (9781),"Main Thread (0xed277) (Sekai, pid: 9781)"
43.562103541,Begin,FeedRenderCells,0x18c,,Sekai (9781),"Main Thread (0xed277) (Sekai, pid: 9781)"
43.562130791,End,FeedRenderCells,0x18c,completed,Sekai (9781),"Main Thread (0xed277) (Sekai, pid: 9781)"
43.703159375,Event,WebNavigationCommit,OS_SIGNPOST_ID_EXCLUSIVE,item=game_0024,Sekai (9781),"Main Thread (0xed277) (Sekai, pid: 9781)"
47.393356083,Begin,FeedDrag,0x18d,item=game_0023,Sekai (9781),"Main Thread (0xed277) (Sekai, pid: 9781)"
47.393376458,Event,FeedEligibility,OS_SIGNPOST_ID_EXCLUSIVE,item=none,Sekai (9781),"Main Thread (0xed277) (Sekai, pid: 9781)"
47.393750958,Begin,WebPoolReconcile,0x18e,current=game_0023 eligible=none,Sekai (9781),"Main Thread (0xed277) (Sekai, pid: 9781)"
47.393829833,Begin,FeedRenderCells,0x18f,,Sekai (9781),"Main Thread (0xed277) (Sekai, pid: 9781)"
47.393859916,End,FeedRenderCells,0x18f,completed,Sekai (9781),"Main Thread (0xed277) (Sekai, pid: 9781)"
47.393861708,End,WebPoolReconcile,0x18e,completed,Sekai (9781),"Main Thread (0xed277) (Sekai, pid: 9781)"
47.459968291,End,FeedDrag,0x18d,drag ended,Sekai (9781),"Main Thread (0xed277) (Sekai, pid: 9781)"
47.459971791,Begin,FeedDeceleration,0x190,,Sekai (9781),"Main Thread (0xed277) (Sekai, pid: 9781)"
47.793407416,End,FeedDeceleration,0x190,settled,Sekai (9781),"Main Thread (0xed277) (Sekai, pid: 9781)"
47.79341075,Begin,FeedSettle,0x191,,Sekai (9781),"Main Thread (0xed277) (Sekai, pid: 9781)"
47.793418708,Event,FeedCurrentItem,OS_SIGNPOST_ID_EXCLUSIVE,index=20 item=game_0024,Sekai (9781),"Main Thread (0xed277) (Sekai, pid: 9781)"
47.793420416,Begin,FeedAssignWindow,0x192,item=game_0024,Sekai (9781),"Main Thread (0xed277) (Sekai, pid: 9781)"
47.793494125,Begin,FeedRenderCells,0x193,,Sekai (9781),"Main Thread (0xed277) (Sekai, pid: 9781)"
47.793532541,End,FeedRenderCells,0x193,completed,Sekai (9781),"Main Thread (0xed277) (Sekai, pid: 9781)"
47.793539916,End,FeedAssignWindow,0x192,completed,Sekai (9781),"Main Thread (0xed277) (Sekai, pid: 9781)"
47.793558833,Event,FeedEligibility,OS_SIGNPOST_ID_EXCLUSIVE,item=game_0024,Sekai (9781),"Main Thread (0xed277) (Sekai, pid: 9781)"
47.793641041,End,FeedSettle,0x191,completed,Sekai (9781),"Main Thread (0xed277) (Sekai, pid: 9781)"
47.79420325,Begin,WebPoolReconcile,0x194,current=game_0024 eligible=game_0024,Sekai (9781),"Main Thread (0xed277) (Sekai, pid: 9781)"
47.794214333,Begin,WebSlotReset,0x195,item=game_0022,Sekai (9781),"Main Thread (0xed277) (Sekai, pid: 9781)"
47.794363041,End,WebLoadToReady,0x16e,reset or cancelled,Sekai (9781),"Main Thread (0xed277) (Sekai, pid: 9781)"
47.79448325,End,WebSlotReset,0x195,completed,Sekai (9781),"Main Thread (0xed277) (Sekai, pid: 9781)"
47.794583958,Begin,FeedRenderCells,0x196,,Sekai (9781),"Main Thread (0xed277) (Sekai, pid: 9781)"
47.794604458,End,FeedRenderCells,0x196,completed,Sekai (9781),"Main Thread (0xed277) (Sekai, pid: 9781)"
47.794606,End,WebPoolReconcile,0x194,completed,Sekai (9781),"Main Thread (0xed277) (Sekai, pid: 9781)"
47.963907458,Event,WebNavigationCommit,OS_SIGNPOST_ID_EXCLUSIVE,item=blank,Sekai (9781),"Main Thread (0xed277) (Sekai, pid: 9781)"
47.970287708,Begin,WebPoolReconcile,0x197,current=game_0024 eligible=game_0024,Sekai (9781),"Main Thread (0xed277) (Sekai, pid: 9781)"
47.97038,Begin,WebLoadToReady,0x198,item=game_0026 role=adjacent slot=1,Sekai (9781),"Main Thread (0xed277) (Sekai, pid: 9781)"
47.970627208,Begin,FeedRenderCells,0x199,,Sekai (9781),"Main Thread (0xed277) (Sekai, pid: 9781)"
47.970653416,End,FeedRenderCells,0x199,completed,Sekai (9781),"Main Thread (0xed277) (Sekai, pid: 9781)"
47.970655166,End,WebPoolReconcile,0x197,completed,Sekai (9781),"Main Thread (0xed277) (Sekai, pid: 9781)"
47.985259291,Begin,FeedRenderCells,0x19a,,Sekai (9781),"Main Thread (0xed277) (Sekai, pid: 9781)"
47.985286666,End,FeedRenderCells,0x19a,completed,Sekai (9781),"Main Thread (0xed277) (Sekai, pid: 9781)"
48.129313791,Event,WebNavigationCommit,OS_SIGNPOST_ID_EXCLUSIVE,item=game_0026,Sekai (9781),"Main Thread (0xed277) (Sekai, pid: 9781)"
49.252752125,Begin,FeedDrag,0x19b,item=game_0024,Sekai (9781),"Main Thread (0xed277) (Sekai, pid: 9781)"
49.25277325,Event,FeedEligibility,OS_SIGNPOST_ID_EXCLUSIVE,item=none,Sekai (9781),"Main Thread (0xed277) (Sekai, pid: 9781)"
49.253431,Begin,WebPoolReconcile,0x19c,current=game_0024 eligible=none,Sekai (9781),"Main Thread (0xed277) (Sekai, pid: 9781)"
49.2535065,Begin,FeedRenderCells,0x19d,,Sekai (9781),"Main Thread (0xed277) (Sekai, pid: 9781)"
49.2535365,End,FeedRenderCells,0x19d,completed,Sekai (9781),"Main Thread (0xed277) (Sekai, pid: 9781)"
49.253538208,End,WebPoolReconcile,0x19c,completed,Sekai (9781),"Main Thread (0xed277) (Sekai, pid: 9781)"
49.318564708,End,FeedDrag,0x19b,drag ended,Sekai (9781),"Main Thread (0xed277) (Sekai, pid: 9781)"
49.318568083,Begin,FeedDeceleration,0x19e,,Sekai (9781),"Main Thread (0xed277) (Sekai, pid: 9781)"
49.660232291,End,FeedDeceleration,0x19e,settled,Sekai (9781),"Main Thread (0xed277) (Sekai, pid: 9781)"
49.660236041,Begin,FeedSettle,0x19f,,Sekai (9781),"Main Thread (0xed277) (Sekai, pid: 9781)"
49.660245208,Event,FeedCurrentItem,OS_SIGNPOST_ID_EXCLUSIVE,index=21 item=game_0026,Sekai (9781),"Main Thread (0xed277) (Sekai, pid: 9781)"
49.660247208,Begin,FeedAssignWindow,0x1a0,item=game_0026,Sekai (9781),"Main Thread (0xed277) (Sekai, pid: 9781)"
49.660325208,Begin,FeedRenderCells,0x1a1,,Sekai (9781),"Main Thread (0xed277) (Sekai, pid: 9781)"
49.660362166,End,FeedRenderCells,0x1a1,completed,Sekai (9781),"Main Thread (0xed277) (Sekai, pid: 9781)"
49.660369666,End,FeedAssignWindow,0x1a0,completed,Sekai (9781),"Main Thread (0xed277) (Sekai, pid: 9781)"
49.660388416,Event,FeedEligibility,OS_SIGNPOST_ID_EXCLUSIVE,item=game_0026,Sekai (9781),"Main Thread (0xed277) (Sekai, pid: 9781)"
49.660471208,End,FeedSettle,0x19f,completed,Sekai (9781),"Main Thread (0xed277) (Sekai, pid: 9781)"
49.660707291,Begin,WebPoolReconcile,0x1a2,current=game_0026 eligible=game_0026,Sekai (9781),"Main Thread (0xed277) (Sekai, pid: 9781)"
49.660718458,Begin,WebSlotReset,0x1a3,item=game_0023,Sekai (9781),"Main Thread (0xed277) (Sekai, pid: 9781)"
49.660820166,End,WebLoadToReady,0x17c,reset or cancelled,Sekai (9781),"Main Thread (0xed277) (Sekai, pid: 9781)"
49.660912166,End,WebSlotReset,0x1a3,completed,Sekai (9781),"Main Thread (0xed277) (Sekai, pid: 9781)"
49.660996083,Begin,FeedRenderCells,0x1a4,,Sekai (9781),"Main Thread (0xed277) (Sekai, pid: 9781)"
49.661018125,End,FeedRenderCells,0x1a4,completed,Sekai (9781),"Main Thread (0xed277) (Sekai, pid: 9781)"
49.661019708,End,WebPoolReconcile,0x1a2,completed,Sekai (9781),"Main Thread (0xed277) (Sekai, pid: 9781)"
50.369064291,Begin,FeedDrag,0x1a5,item=game_0026,Sekai (9781),"Main Thread (0xed277) (Sekai, pid: 9781)"
50.369084916,Event,FeedEligibility,OS_SIGNPOST_ID_EXCLUSIVE,item=none,Sekai (9781),"Main Thread (0xed277) (Sekai, pid: 9781)"
50.369316875,Begin,WebPoolReconcile,0x1a6,current=game_0026 eligible=none,Sekai (9781),"Main Thread (0xed277) (Sekai, pid: 9781)"
50.369387291,Begin,FeedRenderCells,0x1a7,,Sekai (9781),"Main Thread (0xed277) (Sekai, pid: 9781)"
50.36941625,End,FeedRenderCells,0x1a7,completed,Sekai (9781),"Main Thread (0xed277) (Sekai, pid: 9781)"
50.369418291,End,WebPoolReconcile,0x1a6,completed,Sekai (9781),"Main Thread (0xed277) (Sekai, pid: 9781)"
50.428813583,Event,WebNavigationCommit,OS_SIGNPOST_ID_EXCLUSIVE,item=blank,Sekai (9781),"Main Thread (0xed277) (Sekai, pid: 9781)"
50.432892416,Begin,WebPoolReconcile,0x1a8,current=game_0026 eligible=none,Sekai (9781),"Main Thread (0xed277) (Sekai, pid: 9781)"
50.432959708,Begin,WebLoadToReady,0x1a9,item=game_0027 role=adjacent slot=2,Sekai (9781),"Main Thread (0xed277) (Sekai, pid: 9781)"
50.433134625,Begin,FeedRenderCells,0x1aa,,Sekai (9781),"Main Thread (0xed277) (Sekai, pid: 9781)"
50.433261,End,FeedRenderCells,0x1aa,completed,Sekai (9781),"Main Thread (0xed277) (Sekai, pid: 9781)"
50.43326225,End,WebPoolReconcile,0x1a8,completed,Sekai (9781),"Main Thread (0xed277) (Sekai, pid: 9781)"
50.441923458,Begin,FeedRenderCells,0x1ab,,Sekai (9781),"Main Thread (0xed277) (Sekai, pid: 9781)"
50.441960041,End,FeedRenderCells,0x1ab,completed,Sekai (9781),"Main Thread (0xed277) (Sekai, pid: 9781)"
50.468720291,End,FeedDrag,0x1a5,drag ended,Sekai (9781),"Main Thread (0xed277) (Sekai, pid: 9781)"
50.468730958,Begin,FeedDeceleration,0x1ac,,Sekai (9781),"Main Thread (0xed277) (Sekai, pid: 9781)"
50.593505041,Event,WebNavigationCommit,OS_SIGNPOST_ID_EXCLUSIVE,item=game_0027,Sekai (9781),"Main Thread (0xed277) (Sekai, pid: 9781)"
50.793745625,End,FeedDeceleration,0x1ac,settled,Sekai (9781),"Main Thread (0xed277) (Sekai, pid: 9781)"
50.79374925,Begin,FeedSettle,0x1ad,,Sekai (9781),"Main Thread (0xed277) (Sekai, pid: 9781)"
50.793759083,Event,FeedCurrentItem,OS_SIGNPOST_ID_EXCLUSIVE,index=22 item=game_0027,Sekai (9781),"Main Thread (0xed277) (Sekai, pid: 9781)"
50.793760875,Begin,FeedAssignWindow,0x1ae,item=game_0027,Sekai (9781),"Main Thread (0xed277) (Sekai, pid: 9781)"
50.793837375,Begin,FeedRenderCells,0x1af,,Sekai (9781),"Main Thread (0xed277) (Sekai, pid: 9781)"
50.793877333,End,FeedRenderCells,0x1af,completed,Sekai (9781),"Main Thread (0xed277) (Sekai, pid: 9781)"
50.79389875,End,FeedAssignWindow,0x1ae,completed,Sekai (9781),"Main Thread (0xed277) (Sekai, pid: 9781)"
50.793917083,Event,FeedEligibility,OS_SIGNPOST_ID_EXCLUSIVE,item=game_0027,Sekai (9781),"Main Thread (0xed277) (Sekai, pid: 9781)"
50.794007041,End,FeedSettle,0x1ad,completed,Sekai (9781),"Main Thread (0xed277) (Sekai, pid: 9781)"
50.794268083,Begin,WebPoolReconcile,0x1b0,current=game_0027 eligible=game_0027,Sekai (9781),"Main Thread (0xed277) (Sekai, pid: 9781)"
50.794276583,Begin,WebSlotReset,0x1b1,item=game_0024,Sekai (9781),"Main Thread (0xed277) (Sekai, pid: 9781)"
50.794390625,End,WebLoadToReady,0x18a,reset or cancelled,Sekai (9781),"Main Thread (0xed277) (Sekai, pid: 9781)"
50.794487458,End,WebSlotReset,0x1b1,completed,Sekai (9781),"Main Thread (0xed277) (Sekai, pid: 9781)"
50.794582791,Begin,FeedRenderCells,0x1b2,,Sekai (9781),"Main Thread (0xed277) (Sekai, pid: 9781)"
50.794603625,End,FeedRenderCells,0x1b2,completed,Sekai (9781),"Main Thread (0xed277) (Sekai, pid: 9781)"
50.794605166,End,WebPoolReconcile,0x1b0,completed,Sekai (9781),"Main Thread (0xed277) (Sekai, pid: 9781)"
50.794622791,Begin,FeedFilter,0x1b3,count=30,Sekai (9781),"Main Thread (0xed277) (Sekai, pid: 9781)"
50.794640791,End,FeedFilter,0x1b3,completed,Sekai (9781),"Main Thread (0xed277) (Sekai, pid: 9781)"
50.794672208,Begin,FeedFilter,0x1b4,count=30,Sekai (9781),"Main Thread (0xed277) (Sekai, pid: 9781)"
50.79468675,End,FeedFilter,0x1b4,completed,Sekai (9781),"Main Thread (0xed277) (Sekai, pid: 9781)"
50.794696625,Begin,FeedFilter,0x1b5,count=30,Sekai (9781),"Main Thread (0xed277) (Sekai, pid: 9781)"
50.79471025,End,FeedFilter,0x1b5,completed,Sekai (9781),"Main Thread (0xed277) (Sekai, pid: 9781)"
50.794720416,Begin,FeedPageLoad,0x1b6,page=3 generation=4 attempt=0,Sekai (9781),"Main Thread (0xed277) (Sekai, pid: 9781)"
51.176086208,Event,WebNavigationCommit,OS_SIGNPOST_ID_EXCLUSIVE,item=blank,Sekai (9781),"Main Thread (0xed277) (Sekai, pid: 9781)"
51.181782708,Begin,WebPoolReconcile,0x1b7,current=game_0027 eligible=game_0027,Sekai (9781),"Main Thread (0xed277) (Sekai, pid: 9781)"
51.181876041,Begin,WebLoadToReady,0x1b8,item=game_0028 role=adjacent slot=0,Sekai (9781),"Main Thread (0xed277) (Sekai, pid: 9781)"
51.182110708,Begin,FeedRenderCells,0x1b9,,Sekai (9781),"Main Thread (0xed277) (Sekai, pid: 9781)"
51.182137041,End,FeedRenderCells,0x1b9,completed,Sekai (9781),"Main Thread (0xed277) (Sekai, pid: 9781)"
51.182138875,End,WebPoolReconcile,0x1b7,completed,Sekai (9781),"Main Thread (0xed277) (Sekai, pid: 9781)"
51.192478416,Begin,FeedRenderCells,0x1ba,,Sekai (9781),"Main Thread (0xed277) (Sekai, pid: 9781)"
51.192505,End,FeedRenderCells,0x1ba,completed,Sekai (9781),"Main Thread (0xed277) (Sekai, pid: 9781)"
51.276844458,Event,FeedPageReceived,OS_SIGNPOST_ID_EXCLUSIVE,page=3 count=10,Sekai (9781),"Main Thread (0xed277) (Sekai, pid: 9781)"
51.276896083,Begin,FeedFilter,0x1bb,count=40,Sekai (9781),"Main Thread (0xed277) (Sekai, pid: 9781)"
51.276915708,End,FeedFilter,0x1bb,completed,Sekai (9781),"Main Thread (0xed277) (Sekai, pid: 9781)"
51.276962166,End,FeedPageLoad,0x1b6,completed,Sekai (9781),"Main Thread (0xed277) (Sekai, pid: 9781)"
51.276965833,Begin,FeedFilter,0x1bc,count=40,Sekai (9781),"Main Thread (0xed277) (Sekai, pid: 9781)"
51.276983041,End,FeedFilter,0x1bc,completed,Sekai (9781),"Main Thread (0xed277) (Sekai, pid: 9781)"
51.277367625,Begin,FeedSnapshot,0x1bd,old=25 new=33 revision=4,Sekai (9781),"Main Thread (0xed277) (Sekai, pid: 9781)"
51.277387916,Event,FeedEligibility,OS_SIGNPOST_ID_EXCLUSIVE,item=none,Sekai (9781),"Main Thread (0xed277) (Sekai, pid: 9781)"
51.278450541,Begin,WebPoolReconcile,0x1be,current=game_0027 eligible=none,Sekai (9781),"Main Thread (0xed277) (Sekai, pid: 9781)"
51.278552208,Begin,FeedRenderCells,0x1bf,,Sekai (9781),"Main Thread (0xed277) (Sekai, pid: 9781)"
51.2785735,End,FeedRenderCells,0x1bf,completed,Sekai (9781),"Main Thread (0xed277) (Sekai, pid: 9781)"
51.278575333,End,WebPoolReconcile,0x1be,completed,Sekai (9781),"Main Thread (0xed277) (Sekai, pid: 9781)"
51.2787655,Begin,FeedAssignWindow,0x1c0,item=game_0027,Sekai (9781),"Main Thread (0xed277) (Sekai, pid: 9781)"
51.278818291,Begin,FeedRenderCells,0x1c1,,Sekai (9781),"Main Thread (0xed277) (Sekai, pid: 9781)"
51.278828791,End,FeedRenderCells,0x1c1,completed,Sekai (9781),"Main Thread (0xed277) (Sekai, pid: 9781)"
51.278835458,End,FeedAssignWindow,0x1c0,completed,Sekai (9781),"Main Thread (0xed277) (Sekai, pid: 9781)"
51.278850625,Event,FeedEligibility,OS_SIGNPOST_ID_EXCLUSIVE,item=game_0027,Sekai (9781),"Main Thread (0xed277) (Sekai, pid: 9781)"
51.27889425,End,FeedSnapshot,0x1bd,completed,Sekai (9781),"Main Thread (0xed277) (Sekai, pid: 9781)"
51.278907916,Begin,WebPoolReconcile,0x1c2,current=game_0027 eligible=game_0027,Sekai (9781),"Main Thread (0xed277) (Sekai, pid: 9781)"
51.278954083,Begin,FeedRenderCells,0x1c3,,Sekai (9781),"Main Thread (0xed277) (Sekai, pid: 9781)"
51.278962125,End,FeedRenderCells,0x1c3,completed,Sekai (9781),"Main Thread (0xed277) (Sekai, pid: 9781)"
51.278963375,End,WebPoolReconcile,0x1c2,completed,Sekai (9781),"Main Thread (0xed277) (Sekai, pid: 9781)"
51.342276791,Event,WebNavigationCommit,OS_SIGNPOST_ID_EXCLUSIVE,item=game_0028,Sekai (9781),"Main Thread (0xed277) (Sekai, pid: 9781)"
